user_id,ground_truth,recommendations,scores
522.0,"[50.0, 59315.0]","[1784.0, 92259.0, 6502.0, 190209.0, 2908.0, 187593.0, 1961.0, 5971.0, 3686.0, 4642.0]","[7.886480331420898, 7.667054653167725, 7.423357009887695, 7.382700443267822, 7.202662944793701, 7.09676456451416, 7.004886627197266, 6.877735614776611, 6.869597911834717, 6.8555779457092285]"
369.0,[4226.0],"[1784.0, 799.0, 31658.0, 1234.0, 92259.0, 1377.0, 6502.0, 190209.0, 187593.0, 1961.0]","[5.213553428649902, 5.125032424926758, 4.8429341316223145, 4.805598735809326, 4.770223617553711, 4.709542274475098, 4.705014705657959, 4.6852707862854, 4.65028190612793, 4.570955276489258]"
64.0,[4993.0],"[1784.0, 190209.0, 6502.0, 31658.0, 187593.0, 92259.0, 1961.0, 799.0, 4642.0, 1086.0]","[9.470499038696289, 8.489718437194824, 8.207316398620605, 8.152453422546387, 8.036632537841797, 7.979878902435303, 7.9715576171875, 7.941190719604492, 7.851975917816162, 7.789916038513184]"
483.0,"[1080.0, 273.0, 2424.0, 1196.0]","[1784.0, 6502.0, 190209.0, 92259.0, 911.0, 4642.0, 187593.0, 2908.0, 3686.0, 5971.0]","[6.869326591491699, 6.7069220542907715, 6.695737361907959, 6.632832050323486, 6.467123985290527, 6.222400665283203, 6.180657386779785, 6.153438091278076, 6.068697452545166, 5.935265064239502]"
18.0,"[1617.0, 1196.0, 1721.0, 858.0]","[1784.0, 92259.0, 190209.0, 6502.0, 2908.0, 187593.0, 3686.0, 4642.0, 1961.0, 5971.0]","[8.638310432434082, 8.201355934143066, 8.119877815246582, 7.978830337524414, 7.708706855773926, 7.704702377319336, 7.592916965484619, 7.5495781898498535, 7.5216064453125, 7.354300498962402]"
136.0,[],"[92259.0, 1784.0, 190209.0, 6502.0, 187593.0, 7899.0, 3686.0, 4642.0, 2908.0, 1377.0]","[7.151456832885742, 7.057992458343506, 6.866793632507324, 6.731958389282227, 6.526811599731445, 6.515634059906006, 6.294841766357422, 6.284985542297363, 6.278687477111816, 6.247473239898682]"
327.0,[1193.0],"[1784.0, 92259.0, 190209.0, 6502.0, 187593.0, 2908.0, 1961.0, 3686.0, 799.0, 4642.0]","[10.000901222229004, 9.628817558288574, 9.528425216674805, 9.362643241882324, 8.995085716247559, 8.857320785522461, 8.748729705810547, 8.661242485046387, 8.64871883392334, 8.619834899902344]"
27.0,[1210.0],"[92259.0, 190209.0, 6502.0, 1784.0, 4642.0, 187593.0, 5971.0, 911.0, 3686.0, 1377.0]","[4.358295917510986, 4.346268177032471, 4.3344902992248535, 4.32975435256958, 4.307272911071777, 4.1582818031311035, 4.13794469833374, 4.102887153625488, 4.03683614730835, 4.016320705413818]"
602.0,"[337.0, 474.0]","[799.0, 158.0, 1377.0, 1784.0, 92259.0, 7899.0, 187593.0, 1234.0, 6502.0, 4973.0]","[5.783853530883789, 5.679394245147705, 5.523738861083984, 5.421361923217773, 5.351929664611816, 5.257622718811035, 5.204413414001465, 5.171837329864502, 5.133293151855469, 5.085341453552246]"
177.0,"[3623.0, 520.0, 64957.0, 154.0, 2716.0]","[92259.0, 1784.0, 6502.0, 190209.0, 187593.0, 7899.0, 799.0, 2692.0, 2908.0, 1961.0]","[9.006949424743652, 8.838488578796387, 8.684462547302246, 8.355025291442871, 8.287515640258789, 8.24354362487793, 8.211273193359375, 8.1483793258667, 8.034624099731445, 7.942592620849609]"
17.0,[1213.0],"[92259.0, 1784.0, 190209.0, 7899.0, 6502.0, 187593.0, 799.0, 4642.0, 1377.0, 3686.0]","[7.186418533325195, 6.984689712524414, 6.812047481536865, 6.808101177215576, 6.704297065734863, 6.635396957397461, 6.5128679275512695, 6.439316272735596, 6.230623722076416, 6.149661540985107]"
580.0,"[1127.0, 4973.0, 924.0, 5445.0, 6365.0, 2600.0]","[1784.0, 31658.0, 92259.0, 190209.0, 799.0, 6502.0, 187593.0, 2908.0, 4642.0, 1961.0]","[8.686357498168945, 8.004375457763672, 7.986209392547607, 7.977807521820068, 7.95070219039917, 7.920799255371094, 7.682155132293701, 7.52000093460083, 7.497903823852539, 7.41133975982666]"
19.0,[1270.0],"[1784.0, 190209.0, 1682.0, 6502.0, 8368.0, 6711.0, 292.0, 92259.0, 4878.0, 187593.0]","[6.786464214324951, 6.592471599578857, 6.4543843269348145, 6.398142337799072, 6.305540561676025, 6.246500015258789, 6.238708019256592, 6.054291248321533, 6.0400848388671875, 5.968983173370361]"
141.0,[99114.0],"[1784.0, 92259.0, 190209.0, 799.0, 6502.0, 187593.0, 7899.0, 1377.0, 4642.0, 2908.0]","[7.369642734527588, 7.131593704223633, 6.881941795349121, 6.8550705909729, 6.853437900543213, 6.773339748382568, 6.68501615524292, 6.559420108795166, 6.429479122161865, 6.419528007507324]"
166.0,"[10.0, 2396.0, 2947.0, 2918.0]","[1784.0, 92259.0, 6502.0, 799.0, 190209.0, 187593.0, 4642.0, 2908.0, 1377.0, 5971.0]","[7.496257305145264, 7.4134063720703125, 7.255790710449219, 7.128452301025391, 7.100744724273682, 7.070176601409912, 7.060550689697266, 6.855335235595703, 6.840226173400879, 6.826809406280518]"
362.0,[318.0],"[1784.0, 1234.0, 799.0, 190209.0, 187593.0, 4642.0, 6502.0, 1961.0, 1086.0, 111.0]","[7.6937575340271, 7.008136749267578, 6.798868179321289, 6.797860622406006, 6.6999897956848145, 6.676640033721924, 6.630910873413086, 6.490166187286377, 6.44929838180542, 6.445006847381592]"
608.0,"[51662.0, 3300.0, 6502.0, 3081.0]","[1784.0, 4642.0, 187593.0, 6502.0, 190209.0, 799.0, 39.0, 7153.0, 92259.0, 1086.0]","[6.865078926086426, 6.840754508972168, 6.512437343597412, 6.350689888000488, 6.245746612548828, 6.157520771026611, 6.028732776641846, 5.888391971588135, 5.841522693634033, 5.816666126251221]"
334.0,"[2571.0, 5618.0]","[1784.0, 190209.0, 6502.0, 92259.0, 187593.0, 4642.0, 1086.0, 3686.0, 1961.0, 2908.0]","[7.553898811340332, 7.1398773193359375, 6.817010879516602, 6.743614196777344, 6.6966328620910645, 6.680634021759033, 6.416643142700195, 6.367894649505615, 6.357526779174805, 6.333948612213135]"
474.0,"[919.0, 150.0, 2006.0, 2941.0, 1639.0, 29.0, 7371.0, 45720.0, 421.0]","[1784.0, 190209.0, 292.0, 92259.0, 8368.0, 187593.0, 6502.0, 4642.0, 3686.0, 4878.0]","[7.248271465301514, 6.786214828491211, 6.349755764007568, 6.213344097137451, 6.089877605438232, 6.075004577636719, 6.063574314117432, 5.910510063171387, 5.769794940948486, 5.650941371917725]"
253.0,[],"[92259.0, 1784.0, 190209.0, 6502.0, 911.0, 187593.0, 3686.0, 4642.0, 7899.0, 2908.0]","[5.85633659362793, 5.730156421661377, 5.724417209625244, 5.561425685882568, 5.422278881072998, 5.329568862915039, 5.245650291442871, 5.211849212646484, 5.172410488128662, 5.1499738693237305]"
223.0,[260.0],"[1784.0, 190209.0, 6502.0, 92259.0, 187593.0, 4642.0, 2908.0, 799.0, 3686.0, 1961.0]","[5.333969593048096, 5.148021221160889, 5.055078506469727, 5.047623157501221, 4.893826007843018, 4.775429725646973, 4.68176794052124, 4.673722267150879, 4.652454376220703, 4.621524333953857]"
294.0,[],"[1617.0, 911.0, 2692.0, 92259.0, 109487.0, 2396.0, 6502.0, 1625.0, 610.0, 190209.0]","[7.497661113739014, 7.263906955718994, 7.137520790100098, 6.737303733825684, 6.7190070152282715, 6.623636722564697, 6.4154953956604, 6.296698570251465, 6.2397780418396, 6.184049129486084]"
195.0,"[1466.0, 608.0]","[1784.0, 190209.0, 4642.0, 1377.0, 158.0, 187593.0, 6502.0, 92259.0, 799.0, 1234.0]","[6.533825397491455, 6.017894744873047, 6.011635780334473, 5.992346286773682, 5.947824001312256, 5.917542934417725, 5.846109390258789, 5.843750953674316, 5.819774150848389, 5.800161838531494]"
273.0,[],"[1784.0, 1234.0, 1961.0, 53953.0, 6502.0, 2908.0, 799.0, 31658.0, 1377.0, 432.0]","[4.011202812194824, 3.8071718215942383, 3.647331953048706, 3.616398572921753, 3.5593972206115723, 3.53951096534729, 3.513678550720215, 3.4870200157165527, 3.4782094955444336, 3.4536354541778564]"
232.0,"[3809.0, 296.0, 4886.0]","[1784.0, 190209.0, 92259.0, 6502.0, 4642.0, 187593.0, 911.0, 5971.0, 3686.0, 2908.0]","[7.190401077270508, 7.112237930297852, 6.949295997619629, 6.894754409790039, 6.80375337600708, 6.631194591522217, 6.567953109741211, 6.542658805847168, 6.513807773590088, 6.45710563659668]"
190.0,[5816.0],"[1784.0, 92259.0, 190209.0, 6502.0, 187593.0, 7899.0, 799.0, 4642.0, 2908.0, 1377.0]","[7.534628391265869, 7.418635368347168, 7.225293159484863, 7.112616062164307, 6.99607515335083, 6.939027309417725, 6.910231113433838, 6.9054460525512695, 6.550004959106445, 6.548580646514893]"
588.0,[175.0],"[92259.0, 190209.0, 1784.0, 6502.0, 911.0, 4370.0, 2908.0, 3686.0, 1961.0, 1617.0]","[4.823854923248291, 4.69756555557251, 4.689192295074463, 4.487522125244141, 4.468510627746582, 4.238493919372559, 4.2332563400268555, 4.195317268371582, 4.17980432510376, 4.119454860687256]"
105.0,"[68237.0, 4262.0, 5378.0]","[92259.0, 190209.0, 1784.0, 6502.0, 4642.0, 187593.0, 7899.0, 911.0, 3686.0, 2908.0]","[7.112451553344727, 6.96038818359375, 6.884551525115967, 6.730423927307129, 6.483656883239746, 6.443567276000977, 6.441311359405518, 6.390029430389404, 6.190307140350342, 6.095462322235107]"
221.0,"[1219.0, 3996.0, 5902.0]","[1784.0, 92259.0, 190209.0, 6502.0, 187593.0, 799.0, 3686.0, 4642.0, 2908.0, 7899.0]","[9.287407875061035, 8.935285568237305, 8.836851119995117, 8.559066772460938, 8.294782638549805, 8.100272178649902, 8.067867279052734, 8.055288314819336, 8.052047729492188, 7.875658988952637]"
560.0,"[1208.0, 8917.0, 54286.0]","[1784.0, 92259.0, 190209.0, 6502.0, 3686.0, 911.0, 2908.0, 187593.0, 7899.0, 8368.0]","[6.396028995513916, 6.361233711242676, 6.31497049331665, 5.888921737670898, 5.633950710296631, 5.546236515045166, 5.530980587005615, 5.47396183013916, 5.326296329498291, 5.316570281982422]"
404.0,[],"[1784.0, 92259.0, 190209.0, 799.0, 7899.0, 1377.0, 6502.0, 187593.0, 2908.0, 158.0]","[4.8419718742370605, 4.737752914428711, 4.483687877655029, 4.482916355133057, 4.4459357261657715, 4.361020088195801, 4.336301803588867, 4.299226760864258, 4.191913604736328, 4.171947479248047]"
429.0,[],"[92259.0, 7899.0, 6502.0, 190209.0, 1784.0, 911.0, 1377.0, 187593.0, 799.0, 3686.0]","[6.006157398223877, 5.744842052459717, 5.402125358581543, 5.387080669403076, 5.2897748947143555, 5.194410800933838, 5.149295330047607, 5.148841857910156, 5.095615386962891, 5.053929328918457]"
160.0,"[1019.0, 1748.0]","[1784.0, 92259.0, 190209.0, 102125.0, 1961.0, 6502.0, 3686.0, 2908.0, 799.0, 586.0]","[7.27492094039917, 7.220547676086426, 7.060410022735596, 6.970042705535889, 6.925252914428711, 6.803184509277344, 6.7021098136901855, 6.637773513793945, 6.4141364097595215, 6.407549858093262]"
219.0,[],"[1784.0, 31658.0, 190209.0, 6502.0, 1234.0, 799.0, 92259.0, 1377.0, 1961.0, 1086.0]","[8.14972972869873, 7.517955303192139, 7.445680618286133, 7.313377857208252, 7.239202499389648, 7.211703300476074, 7.092113971710205, 7.05088996887207, 6.900713920593262, 6.853267192840576]"
68.0,"[122918.0, 6377.0]","[1784.0, 6502.0, 4642.0, 190209.0, 2692.0, 187593.0, 92259.0, 1086.0, 5971.0, 7899.0]","[6.403109073638916, 6.263027191162109, 5.997084617614746, 5.957958698272705, 5.9534592628479, 5.917088985443115, 5.838964462280273, 5.707014083862305, 5.676580429077148, 5.656271457672119]"
484.0,"[1917.0, 356.0, 500.0, 3809.0]","[92259.0, 1784.0, 190209.0, 6502.0, 187593.0, 4642.0, 3686.0, 911.0, 5971.0, 2908.0]","[8.484100341796875, 8.316245079040527, 8.201701164245605, 8.06563663482666, 7.8242387771606445, 7.752257823944092, 7.639400482177734, 7.5726823806762695, 7.5454888343811035, 7.536181926727295]"
434.0,"[1391.0, 2959.0, 5952.0, 5669.0, 924.0]","[1784.0, 92259.0, 6502.0, 799.0, 187593.0, 190209.0, 2908.0, 1961.0, 4642.0, 1377.0]","[8.289186477661133, 7.806458950042725, 7.602991580963135, 7.592982769012451, 7.535768032073975, 7.503270149230957, 7.392508506774902, 7.258210182189941, 7.204186916351318, 7.123332977294922]"
480.0,"[3101.0, 1304.0, 253.0, 7143.0]","[1784.0, 1234.0, 4642.0, 190209.0, 1961.0, 187593.0, 6502.0, 111.0, 1086.0, 432.0]","[7.771247863769531, 7.220207691192627, 7.127679824829102, 7.108463287353516, 6.946803569793701, 6.741786956787109, 6.69971227645874, 6.64992618560791, 6.5975189208984375, 6.589286804199219]"
376.0,"[292.0, 1258.0, 4973.0]","[1784.0, 92259.0, 6502.0, 190209.0, 799.0, 187593.0, 1961.0, 1377.0, 2908.0, 4642.0]","[7.262210369110107, 6.930869102478027, 6.83884859085083, 6.830957889556885, 6.810637950897217, 6.580122470855713, 6.545462608337402, 6.539732456207275, 6.5279860496521, 6.471060276031494]"
428.0,"[1653.0, 2657.0]","[1784.0, 92259.0, 31658.0, 190209.0, 799.0, 6502.0, 187593.0, 1961.0, 2908.0, 3686.0]","[6.908411979675293, 6.324069499969482, 6.294546604156494, 6.270430088043213, 6.210569858551025, 6.111353874206543, 5.911790370941162, 5.81861686706543, 5.817695140838623, 5.7492995262146]"
40.0,[],"[1234.0, 2692.0, 158.0, 1961.0, 1784.0, 1377.0, 53953.0, 2908.0, 5971.0, 4642.0]","[6.18139123916626, 6.057949542999268, 5.9612345695495605, 5.821784019470215, 5.8031134605407715, 5.753201007843018, 5.74318265914917, 5.729423999786377, 5.7042975425720215, 5.693105697631836]"
115.0,[296.0],"[92259.0, 7899.0, 1784.0, 190209.0, 6502.0, 187593.0, 799.0, 1377.0, 3686.0, 2908.0]","[8.080050468444824, 7.620591640472412, 7.529022216796875, 7.423861503601074, 7.2664384841918945, 7.076934337615967, 7.024204254150391, 6.912754058837891, 6.74659538269043, 6.745876789093018]"
606.0,"[48997.0, 1079.0, 2021.0, 2997.0, 1278.0]","[1784.0, 190209.0, 6502.0, 4642.0, 187593.0, 799.0, 92259.0, 1086.0, 158.0, 1377.0]","[9.401114463806152, 8.667673110961914, 8.45418643951416, 8.34947681427002, 8.341086387634277, 8.205305099487305, 8.191814422607422, 8.151276588439941, 8.1245756149292, 8.103933334350586]"
125.0,[7438.0],"[1784.0, 92259.0, 190209.0, 6502.0, 187593.0, 799.0, 4642.0, 2908.0, 1377.0, 3686.0]","[8.45523738861084, 7.8001227378845215, 7.78965425491333, 7.694255828857422, 7.614614963531494, 7.5364508628845215, 7.502686977386475, 7.396750450134277, 7.232545375823975, 7.209592819213867]"
83.0,"[1246.0, 4973.0]","[1784.0, 92259.0, 190209.0, 6502.0, 187593.0, 799.0, 7899.0, 2908.0, 3686.0, 4642.0]","[7.487021446228027, 7.251617908477783, 7.10042142868042, 6.887768745422363, 6.72716760635376, 6.7252092361450195, 6.551475524902344, 6.482241630554199, 6.473517417907715, 6.440393924713135]"
312.0,"[2762.0, 1090.0]","[1784.0, 92259.0, 6502.0, 799.0, 187593.0, 190209.0, 2908.0, 7899.0, 3686.0, 101.0]","[7.95808744430542, 7.63015604019165, 7.278435230255127, 7.216215133666992, 7.208365440368652, 7.176509380340576, 7.094482898712158, 7.0031256675720215, 6.7520060539245605, 6.738630771636963]"
159.0,[81845.0],"[92259.0, 1784.0, 7899.0, 190209.0, 6502.0, 2908.0, 187593.0, 1377.0, 4642.0, 911.0]","[5.854605674743652, 5.648902893066406, 5.543823719024658, 5.479423522949219, 5.435903549194336, 5.226668357849121, 5.223119735717773, 5.09735631942749, 5.081242561340332, 5.080979824066162]"
212.0,[589.0],"[92259.0, 1784.0, 190209.0, 6502.0, 7899.0, 187593.0, 911.0, 2908.0, 3686.0, 5971.0]","[8.085033416748047, 7.5599470138549805, 7.514602184295654, 7.478561878204346, 7.4250946044921875, 7.249253273010254, 7.233544826507568, 7.0560407638549805, 7.020334720611572, 6.893156051635742]"
401.0,[53125.0],"[92259.0, 1784.0, 6502.0, 190209.0, 2908.0, 187593.0, 1961.0, 4642.0, 5971.0, 3686.0]","[7.0270609855651855, 6.898368835449219, 6.670144081115723, 6.618518829345703, 6.456934452056885, 6.424817085266113, 6.31125545501709, 6.266353130340576, 6.2271270751953125, 6.224790573120117]"
63.0,"[527.0, 1201.0]","[92259.0, 799.0, 1784.0, 6502.0, 190209.0, 187593.0, 1377.0, 4642.0, 7899.0, 3686.0]","[8.08328914642334, 8.000633239746094, 7.867464065551758, 7.6619062423706055, 7.521042346954346, 7.409718990325928, 7.404277801513672, 7.298454761505127, 7.227496147155762, 7.149280071258545]"
32.0,"[1073.0, 592.0]","[1784.0, 92259.0, 190209.0, 6502.0, 4642.0, 187593.0, 799.0, 1377.0, 3686.0, 7899.0]","[6.358932018280029, 6.228359699249268, 6.214269161224365, 6.0380659103393555, 5.886415004730225, 5.886389255523682, 5.789462089538574, 5.687138080596924, 5.6115899085998535, 5.512699604034424]"
263.0,[6773.0],"[1784.0, 92259.0, 190209.0, 6502.0, 187593.0, 799.0, 2908.0, 4642.0, 3686.0, 1961.0]","[8.625449180603027, 8.308996200561523, 8.15659236907959, 8.020533561706543, 7.76215124130249, 7.633815765380859, 7.5529890060424805, 7.478907585144043, 7.446714401245117, 7.348829746246338]"
122.0,[608.0],"[1784.0, 190209.0, 92259.0, 6502.0, 2908.0, 187593.0, 1961.0, 3686.0, 4642.0, 799.0]","[10.425293922424316, 9.49091625213623, 9.388541221618652, 9.21360969543457, 9.017425537109375, 9.009383201599121, 8.837732315063477, 8.781506538391113, 8.735898971557617, 8.588820457458496]"
188.0,[1304.0],"[1784.0, 190209.0, 92259.0, 6502.0, 2908.0, 4642.0, 1377.0, 187593.0, 799.0, 3686.0]","[7.219979286193848, 6.6355156898498535, 6.603723049163818, 6.465181827545166, 6.358636379241943, 6.293844699859619, 6.281097412109375, 6.2743611335754395, 6.245811462402344, 6.2425127029418945]"
8.0,[253.0],"[92259.0, 911.0, 190209.0, 2396.0, 7899.0, 6502.0, 109487.0, 4370.0, 1387.0, 1784.0]","[4.2050089836120605, 4.015035152435303, 3.950483798980713, 3.9306182861328125, 3.877917528152466, 3.862305164337158, 3.8480064868927, 3.8312623500823975, 3.7672152519226074, 3.6675825119018555]"
594.0,"[2716.0, 1917.0, 1088.0]","[1784.0, 92259.0, 190209.0, 6502.0, 187593.0, 799.0, 7899.0, 2908.0, 3686.0, 4642.0]","[9.134716033935547, 8.751814842224121, 8.66259765625, 8.42745590209961, 8.211540222167969, 8.209489822387695, 7.901112079620361, 7.818901062011719, 7.811739444732666, 7.7822585105896]"
573.0,"[592.0, 88140.0, 185.0, 80463.0]","[1784.0, 92259.0, 190209.0, 6502.0, 187593.0, 4642.0, 2908.0, 3686.0, 5971.0, 1961.0]","[9.21174430847168, 9.077668190002441, 8.889615058898926, 8.80523681640625, 8.478094100952148, 8.344969749450684, 8.321722984313965, 8.146961212158203, 8.078439712524414, 8.046069145202637]"
600.0,"[29.0, 2174.0]","[92259.0, 1377.0, 190209.0, 1784.0, 3686.0, 4642.0, 590.0, 2908.0, 6502.0, 5971.0]","[6.379502773284912, 6.112947940826416, 6.093936443328857, 5.99152135848999, 5.953946590423584, 5.9471659660339355, 5.811343669891357, 5.797170162200928, 5.789368152618408, 5.705255031585693]"
370.0,[],"[92259.0, 1784.0, 190209.0, 7899.0, 6502.0, 187593.0, 1377.0, 799.0, 3686.0, 2908.0]","[5.200124740600586, 5.048932075500488, 4.865506172180176, 4.794845104217529, 4.648444652557373, 4.61484956741333, 4.514150619506836, 4.463751316070557, 4.4619832038879395, 4.439618110656738]"
318.0,"[72998.0, 59315.0, 344.0, 99114.0]","[1784.0, 92259.0, 190209.0, 6502.0, 4642.0, 2908.0, 187593.0, 1961.0, 3686.0, 5971.0]","[7.918242931365967, 7.577426433563232, 7.555339336395264, 7.478175163269043, 7.108352184295654, 7.060513019561768, 7.052002429962158, 6.966885566711426, 6.926407337188721, 6.846990585327148]"
460.0,"[48516.0, 7143.0]","[1784.0, 190209.0, 92259.0, 6502.0, 187593.0, 799.0, 4642.0, 3686.0, 2908.0, 1086.0]","[8.093234062194824, 7.670813083648682, 7.478774070739746, 7.451709270477295, 7.292932510375977, 7.2132768630981445, 7.098361492156982, 6.893550872802734, 6.7834649085998535, 6.780065536499023]"
346.0,[1968.0],"[1784.0, 92259.0, 190209.0, 6502.0, 187593.0, 7899.0, 2908.0, 799.0, 3686.0, 4642.0]","[7.36623477935791, 7.312056064605713, 7.0216217041015625, 6.9260573387146, 6.665463924407959, 6.5871758460998535, 6.524419784545898, 6.509398937225342, 6.456050872802734, 6.35371732711792]"
599.0,"[111759.0, 2329.0, 88163.0, 1204.0]","[92259.0, 6502.0, 1784.0, 190209.0, 4642.0, 911.0, 2908.0, 5971.0, 187593.0, 1961.0]","[7.001632213592529, 6.796236515045166, 6.788715839385986, 6.73515510559082, 6.706643581390381, 6.614945411682129, 6.501617908477783, 6.466758728027344, 6.378176689147949, 6.28245735168457]"
607.0,[],"[31658.0, 33794.0, 1259.0, 1784.0, 858.0, 111759.0, 190209.0, 4025.0, 8368.0, 292.0]","[5.24267053604126, 5.0386738777160645, 4.871442794799805, 4.759310245513916, 4.677873134613037, 4.673093795776367, 4.567005634307861, 4.508764743804932, 4.460882663726807, 4.438695907592773]"
215.0,"[4993.0, 30749.0]","[1234.0, 158.0, 799.0, 1377.0, 1784.0, 41569.0, 671.0, 187593.0, 53953.0, 92259.0]","[4.041031360626221, 3.779938220977783, 3.77409291267395, 3.705514430999756, 3.644742727279663, 3.6140244007110596, 3.4952309131622314, 3.3166356086730957, 3.270703077316284, 3.266202926635742]"
448.0,"[5445.0, 1641.0, 3552.0, 2542.0, 1262.0]","[190209.0, 1784.0, 8368.0, 92259.0, 3686.0, 4642.0, 6502.0, 1377.0, 40815.0, 2571.0]","[8.13631534576416, 7.820545196533203, 7.511191368103027, 7.312978267669678, 7.282567977905273, 7.140662670135498, 7.103938579559326, 7.007603645324707, 6.985452651977539, 6.953120708465576]"
119.0,"[5574.0, 4299.0]","[1784.0, 190209.0, 92259.0, 6502.0, 799.0, 187593.0, 31658.0, 4642.0, 2908.0, 1961.0]","[7.695671081542969, 7.086109638214111, 7.025387763977051, 6.934079647064209, 6.864365577697754, 6.771660804748535, 6.56454610824585, 6.554684638977051, 6.539003849029541, 6.535824298858643]"
62.0,[8368.0],"[1784.0, 92259.0, 6502.0, 190209.0, 187593.0, 4642.0, 2908.0, 7899.0, 3686.0, 5971.0]","[9.657270431518555, 9.616393089294434, 9.305536270141602, 9.300869941711426, 8.986161231994629, 8.690616607666016, 8.634283065795898, 8.557297706604004, 8.531965255737305, 8.477571487426758]"
517.0,[],"[1784.0, 799.0, 7899.0, 187593.0, 158.0, 1377.0, 92259.0, 190209.0, 6502.0, 4642.0]","[4.8020172119140625, 4.591933727264404, 4.538262367248535, 4.417150974273682, 4.390957832336426, 4.356590270996094, 4.3338446617126465, 4.129184722900391, 4.122686386108398, 4.121826171875]"
373.0,[253.0],"[190209.0, 1784.0, 92259.0, 6502.0, 911.0, 4370.0, 4642.0, 1961.0, 2908.0, 187593.0]","[5.990595817565918, 5.966119289398193, 5.869385242462158, 5.778700828552246, 5.541297435760498, 5.4511919021606445, 5.393299102783203, 5.335755348205566, 5.311800479888916, 5.298957347869873]"
349.0,[377.0],"[1784.0, 1234.0, 799.0, 4642.0, 1377.0, 187593.0, 111.0, 6502.0, 158.0, 2908.0]","[6.352982997894287, 6.120876312255859, 5.9274468421936035, 5.84965705871582, 5.745850563049316, 5.7298150062561035, 5.703929901123047, 5.69839334487915, 5.692022323608398, 5.608283996582031]"
368.0,"[1358.0, 1193.0]","[1784.0, 92259.0, 190209.0, 6502.0, 187593.0, 799.0, 7899.0, 2908.0, 1377.0, 3686.0]","[7.174445629119873, 7.016738414764404, 6.800918102264404, 6.6871562004089355, 6.511140823364258, 6.498022556304932, 6.271953582763672, 6.244646072387695, 6.243667125701904, 6.236609935760498]"
51.0,"[3.0, 339.0, 7.0, 8874.0, 260.0]","[1784.0, 92259.0, 6502.0, 190209.0, 2908.0, 4642.0, 1961.0, 187593.0, 5971.0, 3686.0]","[8.90489673614502, 8.626230239868164, 8.517827987670898, 8.478172302246094, 8.270403861999512, 8.213518142700195, 8.136566162109375, 8.047268867492676, 8.020092964172363, 7.936651706695557]"
591.0,[3114.0],"[1784.0, 92259.0, 190209.0, 6502.0, 187593.0, 799.0, 4642.0, 2908.0, 1377.0, 3686.0]","[6.800360202789307, 6.450509548187256, 6.390573024749756, 6.3166184425354, 6.130734920501709, 6.049063205718994, 5.982525825500488, 5.946680068969727, 5.887107849121094, 5.880321979522705]"
52.0,"[5010.0, 134853.0, 134130.0]","[92259.0, 1784.0, 190209.0, 6502.0, 187593.0, 911.0, 7899.0, 3686.0, 2908.0, 799.0]","[10.09287166595459, 9.811721801757812, 9.718079566955566, 9.425868034362793, 9.070881843566895, 8.960200309753418, 8.876145362854004, 8.829691886901855, 8.73563003540039, 8.539369583129883]"
82.0,[],"[1784.0, 92259.0, 190209.0, 6502.0, 7899.0, 187593.0, 2908.0, 1377.0, 4642.0, 1961.0]","[7.848132133483887, 7.742682456970215, 7.359967231750488, 7.325462341308594, 7.190310955047607, 7.096261024475098, 7.07051944732666, 6.954900741577148, 6.888156414031982, 6.863287448883057]"
28.0,"[475.0, 1221.0]","[92259.0, 1784.0, 6502.0, 190209.0, 799.0, 2908.0, 187593.0, 1961.0, 3686.0, 7899.0]","[7.063485622406006, 6.826105117797852, 6.686507701873779, 6.524270057678223, 6.518571853637695, 6.332430839538574, 6.322330951690674, 6.288465976715088, 6.194991111755371, 6.100803375244141]"
303.0,[3471.0],"[1784.0, 4642.0, 6502.0, 1234.0, 92259.0, 190209.0, 799.0, 1961.0, 5971.0, 187593.0]","[3.8649630546569824, 3.7211577892303467, 3.714933395385742, 3.6610732078552246, 3.641903877258301, 3.63592529296875, 3.627434015274048, 3.6121068000793457, 3.6083922386169434, 3.5637996196746826]"
469.0,"[858.0, 1968.0, 47.0, 1220.0, 1274.0]","[92259.0, 1784.0, 6502.0, 190209.0, 2908.0, 187593.0, 7899.0, 4642.0, 3686.0, 1961.0]","[8.416959762573242, 7.905694961547852, 7.903442859649658, 7.759399890899658, 7.583425521850586, 7.56152868270874, 7.484422206878662, 7.429998397827148, 7.371510982513428, 7.344707489013672]"
383.0,[539.0],"[1784.0, 92259.0, 190209.0, 6502.0, 187593.0, 799.0, 4642.0, 2908.0, 3686.0, 5971.0]","[6.475899696350098, 6.178603649139404, 6.042755126953125, 6.035021781921387, 5.941521644592285, 5.874039649963379, 5.757877349853516, 5.726698875427246, 5.604582786560059, 5.570001125335693]"
288.0,"[63082.0, 1909.0, 608.0, 3175.0, 1210.0, 1204.0]","[92259.0, 1784.0, 190209.0, 187593.0, 6502.0, 7899.0, 1377.0, 2908.0, 3686.0, 158.0]","[7.188413619995117, 7.149257183074951, 6.733870983123779, 6.69258975982666, 6.684757232666016, 6.446284294128418, 6.4376606941223145, 6.419679641723633, 6.411871433258057, 6.243213653564453]"
475.0,"[19.0, 116797.0]","[1784.0, 190209.0, 6502.0, 92259.0, 187593.0, 2908.0, 4642.0, 1961.0, 1377.0, 799.0]","[9.753182411193848, 8.939366340637207, 8.791776657104492, 8.777841567993164, 8.692315101623535, 8.519793510437012, 8.483467102050781, 8.388665199279785, 8.254870414733887, 8.19062328338623]"
224.0,[1721.0],"[1784.0, 92259.0, 190209.0, 6502.0, 7899.0, 799.0, 187593.0, 2908.0, 101.0, 31658.0]","[9.361988067626953, 9.246362686157227, 8.796432495117188, 8.769770622253418, 8.571282386779785, 8.53702163696289, 8.508744239807129, 8.20611572265625, 8.026632308959961, 8.014832496643066]"
217.0,"[34.0, 1356.0, 608.0]","[92259.0, 190209.0, 1784.0, 6502.0, 187593.0, 3686.0, 4642.0, 799.0, 2908.0, 911.0]","[6.553623199462891, 6.481083869934082, 6.472928524017334, 6.3072967529296875, 5.896825790405273, 5.843546390533447, 5.811600685119629, 5.635858058929443, 5.619659900665283, 5.5137176513671875]"
187.0,[],"[1784.0, 92259.0, 190209.0, 6502.0, 2908.0, 1961.0, 3686.0, 187593.0, 4642.0, 5971.0]","[7.726529121398926, 7.481433868408203, 7.309938907623291, 7.285105228424072, 7.057678699493408, 7.036755561828613, 6.893975734710693, 6.850742340087891, 6.741791725158691, 6.694324016571045]"
222.0,"[79132.0, 2959.0]","[1784.0, 92259.0, 190209.0, 6502.0, 2908.0, 3686.0, 187593.0, 1961.0, 1377.0, 7899.0]","[7.115971565246582, 7.0402350425720215, 6.725139141082764, 6.613337993621826, 6.406164169311523, 6.3656086921691895, 6.319864749908447, 6.31772518157959, 6.286179065704346, 6.246150493621826]"
140.0,"[1674.0, 454.0, 1610.0]","[1784.0, 190209.0, 92259.0, 6502.0, 2908.0, 3686.0, 187593.0, 1961.0, 5971.0, 911.0]","[8.935091972351074, 8.553406715393066, 8.460487365722656, 8.445167541503906, 7.951811790466309, 7.830376148223877, 7.787323474884033, 7.764360427856445, 7.678797245025635, 7.596347808837891]"
249.0,"[54272.0, 119145.0, 2115.0, 8984.0, 106782.0]","[1784.0, 190209.0, 92259.0, 6502.0, 187593.0, 2908.0, 4642.0, 799.0, 5971.0, 3686.0]","[9.149689674377441, 8.613744735717773, 8.413859367370605, 8.259416580200195, 8.135819435119629, 8.087547302246094, 8.033023834228516, 7.763682842254639, 7.748796463012695, 7.672492504119873]"
251.0,[296.0],"[1259.0, 292.0, 1982.0, 111759.0, 8368.0, 134853.0, 31658.0, 7153.0, 4878.0, 858.0]","[3.9482028484344482, 3.6089792251586914, 3.5276710987091064, 3.474656343460083, 3.40301251411438, 3.386052370071411, 3.297909736633301, 3.242140293121338, 3.237639904022217, 3.2296030521392822]"
41.0,"[57669.0, 6016.0, 81591.0]","[92259.0, 783.0, 586.0, 7899.0, 102125.0, 2826.0, 1784.0, 190209.0, 6502.0, 2908.0]","[3.7107276916503906, 3.6347484588623047, 3.5694801807403564, 3.457047462463379, 3.438387155532837, 3.3401646614074707, 3.2737350463867188, 3.2288358211517334, 3.1900577545166016, 3.1294808387756348]"
274.0,[60684.0],"[1784.0, 190209.0, 1377.0, 187593.0, 92259.0, 6502.0, 2908.0, 799.0, 3686.0, 4642.0]","[6.976113796234131, 6.214945316314697, 6.174732208251953, 6.05953311920166, 6.054239273071289, 5.922820091247559, 5.918871879577637, 5.885696887969971, 5.870755672454834, 5.843667984008789]"
112.0,"[3147.0, 454.0]","[1784.0, 92259.0, 190209.0, 6502.0, 4642.0, 187593.0, 2908.0, 799.0, 5971.0, 1961.0]","[8.45284652709961, 8.147998809814453, 8.141733169555664, 8.118147850036621, 7.790272235870361, 7.644346237182617, 7.573620319366455, 7.50376558303833, 7.488953590393066, 7.466168403625488]"
42.0,"[912.0, 1246.0]","[1784.0, 92259.0, 190209.0, 6502.0, 187593.0, 2908.0, 4642.0, 3686.0, 1377.0, 799.0]","[10.515467643737793, 10.273265838623047, 10.035943984985352, 9.870098114013672, 9.620771408081055, 9.254809379577637, 9.231459617614746, 9.210034370422363, 9.18442440032959, 9.163369178771973]"
226.0,"[33493.0, 2329.0, 150.0, 35836.0, 59784.0]","[6502.0, 799.0, 92259.0, 1784.0, 187593.0, 190209.0, 4642.0, 2908.0, 5971.0, 3686.0]","[7.636556625366211, 7.439682483673096, 7.426963806152344, 7.379600524902344, 7.199124813079834, 7.147049427032471, 6.949919700622559, 6.943395614624023, 6.891490459442139, 6.848764896392822]"
343.0,"[5952.0, 541.0]","[1784.0, 1234.0, 799.0, 190209.0, 187593.0, 158.0, 1377.0, 6502.0, 671.0, 4642.0]","[4.973341464996338, 4.468132019042969, 4.38220739364624, 4.324345111846924, 4.224114894866943, 4.103901386260986, 4.076959133148193, 4.050765037536621, 4.043543815612793, 4.031127452850342]"
240.0,[736.0],"[1784.0, 92259.0, 799.0, 190209.0, 6502.0, 187593.0, 1377.0, 7899.0, 4642.0, 2908.0]","[5.7826247215271, 5.464430809020996, 5.39339017868042, 5.326958656311035, 5.305866241455078, 5.264819145202637, 5.135998725891113, 5.067893028259277, 5.066376209259033, 5.028461456298828]"
450.0,[3471.0],"[1784.0, 92259.0, 190209.0, 6502.0, 187593.0, 7899.0, 2908.0, 799.0, 3686.0, 4642.0]","[6.308328151702881, 6.2704362869262695, 6.0405707359313965, 5.952324390411377, 5.716314315795898, 5.669891357421875, 5.562697887420654, 5.541020393371582, 5.48385763168335, 5.473470687866211]"
282.0,"[2858.0, 54286.0]","[92259.0, 911.0, 190209.0, 6502.0, 1617.0, 1784.0, 7899.0, 109487.0, 2908.0, 187593.0]","[8.11301326751709, 8.003764152526855, 7.504923343658447, 7.486198902130127, 7.368159770965576, 7.315630912780762, 7.311797142028809, 7.110840320587158, 7.037570953369141, 7.010863304138184]"
567.0,[],"[91529.0, 1784.0, 799.0, 4642.0, 187593.0, 6502.0, 111.0, 92259.0, 2908.0, 53953.0]","[3.063612222671509, 2.777039051055908, 2.745806932449341, 2.7178378105163574, 2.709867477416992, 2.6434707641601562, 2.5751020908355713, 2.525787115097046, 2.5226051807403564, 2.514054775238037]"
462.0,[541.0],"[1784.0, 6502.0, 92259.0, 190209.0, 187593.0, 4642.0, 799.0, 2908.0, 1961.0, 1377.0]","[7.336134433746338, 6.7377166748046875, 6.6650776863098145, 6.657345771789551, 6.655758380889893, 6.606180667877197, 6.593573093414307, 6.506011486053467, 6.477122783660889, 6.440809726715088]"
132.0,[],"[1784.0, 92259.0, 6502.0, 799.0, 187593.0, 190209.0, 4642.0, 1377.0, 2908.0, 7899.0]","[7.351393222808838, 7.049493312835693, 6.903338432312012, 6.887133598327637, 6.806887626647949, 6.79283332824707, 6.607207298278809, 6.53610372543335, 6.508660316467285, 6.432460308074951]"
241.0,[858.0],"[1784.0, 92259.0, 799.0, 190209.0, 6502.0, 187593.0, 1377.0, 7899.0, 4642.0, 3686.0]","[6.553094387054443, 6.251035213470459, 6.156870365142822, 6.124465465545654, 5.8985443115234375, 5.851470470428467, 5.7328386306762695, 5.666133880615234, 5.598250865936279, 5.567258358001709]"
344.0,[],"[1784.0, 92259.0, 190209.0, 6502.0, 187593.0, 1961.0, 2908.0, 799.0, 3686.0, 1377.0]","[8.056288719177246, 7.560964107513428, 7.473241806030273, 7.295408248901367, 7.079590320587158, 7.075250148773193, 7.068084716796875, 7.006023406982422, 6.937800407409668, 6.89495325088501]"
110.0,[111.0],"[1784.0, 799.0, 1377.0, 92259.0, 1234.0, 158.0, 190209.0, 187593.0, 6502.0, 4642.0]","[4.926208972930908, 4.852285861968994, 4.638216018676758, 4.595648765563965, 4.593190670013428, 4.533528804779053, 4.483772277832031, 4.439235687255859, 4.386063098907471, 4.311223983764648]"
200.0,"[3253.0, 2502.0, 8360.0]","[1784.0, 92259.0, 6502.0, 190209.0, 187593.0, 799.0, 2908.0, 4642.0, 1961.0, 3686.0]","[7.077572822570801, 6.817577838897705, 6.592906475067139, 6.563733100891113, 6.377474308013916, 6.370258808135986, 6.322782039642334, 6.165325164794922, 6.164283275604248, 6.115126132965088]"
308.0,[],"[8368.0, 77561.0, 292.0, 92259.0, 190209.0, 1259.0, 1784.0, 91500.0, 7899.0, 6711.0]","[5.5436553955078125, 5.370680809020996, 5.303860187530518, 5.235789775848389, 5.22143030166626, 5.195873737335205, 5.052906036376953, 4.824398040771484, 4.731156826019287, 4.73023796081543]"
336.0,"[33660.0, 3174.0]","[911.0, 92259.0, 6502.0, 190209.0, 2692.0, 1252.0, 4370.0, 4642.0, 1387.0, 5971.0]","[3.7884814739227295, 3.7234647274017334, 3.603233575820923, 3.5838427543640137, 3.5128047466278076, 3.5036439895629883, 3.4388444423675537, 3.4288880825042725, 3.3854880332946777, 3.3260691165924072]"
466.0,"[5218.0, 8368.0]","[1784.0, 92259.0, 190209.0, 1377.0, 6502.0, 799.0, 158.0, 187593.0, 2908.0, 3686.0]","[6.742767810821533, 6.122740268707275, 6.088932514190674, 6.04778528213501, 5.878917694091797, 5.87451696395874, 5.864778518676758, 5.850985527038574, 5.664241790771484, 5.619293689727783]"
489.0,"[6377.0, 69757.0]","[799.0, 7899.0, 92259.0, 31658.0, 1784.0, 187593.0, 6502.0, 1377.0, 190209.0, 2908.0]","[7.501513957977295, 7.4124579429626465, 7.389349937438965, 7.332944393157959, 7.307754993438721, 6.856297969818115, 6.816806793212891, 6.627854824066162, 6.584797382354736, 6.4271368980407715]"
106.0,[73017.0],"[1784.0, 92259.0, 190209.0, 6502.0, 187593.0, 799.0, 2908.0, 7899.0, 3686.0, 4642.0]","[6.33402681350708, 6.302028179168701, 6.050769805908203, 6.018099784851074, 5.80153226852417, 5.706233501434326, 5.664304733276367, 5.655995845794678, 5.6031694412231445, 5.589658737182617]"
485.0,"[292.0, 457.0]","[92259.0, 1784.0, 6502.0, 2908.0, 5971.0, 190209.0, 187593.0, 4642.0, 1961.0, 3686.0]","[5.565205097198486, 5.483502388000488, 5.351364612579346, 5.3330230712890625, 5.187674522399902, 5.186028003692627, 5.171451568603516, 5.170928955078125, 5.164445877075195, 5.07957649230957]"
305.0,"[3869.0, 1250.0, 1276.0]","[1784.0, 92259.0, 187593.0, 6502.0, 190209.0, 2692.0, 158.0, 2908.0, 3686.0, 1377.0]","[8.445160865783691, 8.336163520812988, 8.089486122131348, 8.05602741241455, 7.965516567230225, 7.782007217407227, 7.759034633636475, 7.749320983886719, 7.743553638458252, 7.706109523773193]"
66.0,"[1036.0, 2700.0, 2268.0, 1968.0, 293.0]","[92259.0, 911.0, 6502.0, 190209.0, 1784.0, 2908.0, 7899.0, 187593.0, 3686.0, 5971.0]","[9.079671859741211, 8.624458312988281, 8.476716995239258, 8.427770614624023, 8.369929313659668, 8.06220531463623, 8.039945602416992, 8.024276733398438, 7.91324520111084, 7.858706474304199]"
238.0,[],"[1784.0, 92259.0, 190209.0, 6502.0, 187593.0, 799.0, 2908.0, 4642.0, 3686.0, 7899.0]","[6.367366313934326, 6.23308801651001, 6.058782577514648, 5.984928607940674, 5.780635356903076, 5.660733222961426, 5.632344722747803, 5.598028182983398, 5.558653354644775, 5.540632724761963]"
302.0,[],"[1784.0, 92259.0, 6502.0, 190209.0, 187593.0, 7899.0, 799.0, 2908.0, 1377.0, 4642.0]","[8.634539604187012, 8.534329414367676, 8.082036972045898, 8.039825439453125, 8.016011238098145, 7.994091033935547, 7.7728095054626465, 7.679887771606445, 7.632930278778076, 7.51134729385376]"
534.0,"[109487.0, 32587.0]","[1784.0, 190209.0, 2908.0, 6502.0, 4642.0, 92259.0, 187593.0, 5971.0, 111.0, 1961.0]","[7.682614326477051, 7.139524459838867, 7.054596424102783, 7.024974346160889, 6.858329772949219, 6.840303421020508, 6.781370639801025, 6.74903678894043, 6.723516941070557, 6.672709941864014]"
610.0,"[5679.0, 71264.0, 54259.0, 46976.0, 1209.0, 30810.0, 95510.0]","[1784.0, 6502.0, 190209.0, 1961.0, 92259.0, 4642.0, 187593.0, 2908.0, 1086.0, 5971.0]","[8.991458892822266, 8.249388694763184, 8.229816436767578, 8.139683723449707, 8.109841346740723, 8.017043113708496, 8.014126777648926, 7.93679666519165, 7.900763988494873, 7.813292503356934]"
314.0,"[252.0, 364.0]","[1784.0, 4642.0, 187593.0, 2692.0, 6502.0, 5971.0, 92259.0, 2908.0, 190209.0, 1086.0]","[2.0809593200683594, 2.0461127758026123, 2.0344595909118652, 2.0261404514312744, 2.0003392696380615, 1.9724820852279663, 1.9682611227035522, 1.963161587715149, 1.9227869510650635, 1.8984609842300415]"
71.0,[1356.0],"[1784.0, 92259.0, 190209.0, 6502.0, 187593.0, 799.0, 7899.0, 2908.0, 1377.0, 3686.0]","[5.2158613204956055, 5.145853042602539, 4.919709205627441, 4.893859386444092, 4.753279685974121, 4.751039981842041, 4.686690807342529, 4.663409233093262, 4.5576863288879395, 4.548072814941406]"
323.0,[357.0],"[6502.0, 4642.0, 1784.0, 92259.0, 799.0, 190209.0, 187593.0, 1961.0, 5971.0, 2908.0]","[4.34345817565918, 4.343241214752197, 4.314842700958252, 4.2748003005981445, 4.253354549407959, 4.1810526847839355, 4.1757354736328125, 4.107983589172363, 4.101723670959473, 4.006338119506836]"
91.0,[1921.0],"[1784.0, 92259.0, 911.0, 6502.0, 2908.0, 1617.0, 190209.0, 1961.0, 187593.0, 5971.0]","[7.858569145202637, 7.845599174499512, 7.682008266448975, 7.6728515625, 7.6299614906311035, 7.589508533477783, 7.569244861602783, 7.4519548416137695, 7.232849597930908, 7.118508338928223]"
279.0,"[648.0, 55820.0]","[1784.0, 190209.0, 92259.0, 6502.0, 1961.0, 187593.0, 2908.0, 4642.0, 3686.0, 1086.0]","[7.4556756019592285, 7.088838577270508, 6.960629463195801, 6.863399028778076, 6.669249057769775, 6.624513626098633, 6.525317668914795, 6.475572109222412, 6.433913707733154, 6.386017322540283]"
433.0,[318.0],"[8636.0, 799.0, 187593.0, 1784.0, 92259.0, 4642.0, 6502.0, 190209.0, 2908.0, 7899.0]","[4.372539043426514, 4.182556629180908, 4.1393632888793945, 4.093954086303711, 4.054760456085205, 4.025577068328857, 3.9799489974975586, 3.8751447200775146, 3.6913764476776123, 3.617936134338379]"
409.0,"[1073.0, 608.0]","[92259.0, 6502.0, 1784.0, 190209.0, 911.0, 1961.0, 2908.0, 3686.0, 5971.0, 187593.0]","[6.068534851074219, 5.754361629486084, 5.746994972229004, 5.733464241027832, 5.693347930908203, 5.620506286621094, 5.604782581329346, 5.482650279998779, 5.429955959320068, 5.303942680358887]"
304.0,"[10.0, 185.0, 1573.0]","[1784.0, 92259.0, 6502.0, 190209.0, 4642.0, 187593.0, 2908.0, 5971.0, 799.0, 3686.0]","[8.820677757263184, 8.666876792907715, 8.630824089050293, 8.40217113494873, 8.275186538696289, 8.228219032287598, 8.124740600585938, 7.973933696746826, 7.944010257720947, 7.9001784324646]"
330.0,[],"[1784.0, 190209.0, 92259.0, 74458.0, 6502.0, 6711.0, 911.0, 3686.0, 2908.0, 1961.0]","[7.18266487121582, 7.157073974609375, 6.717136383056641, 6.575549125671387, 6.526386737823486, 6.270942687988281, 6.228972434997559, 6.1399383544921875, 6.0722551345825195, 5.996191501617432]"
381.0,"[49272.0, 587.0, 5669.0, 4873.0, 5418.0]","[1784.0, 190209.0, 6502.0, 4642.0, 187593.0, 92259.0, 799.0, 1961.0, 1086.0, 2908.0]","[8.586442947387695, 8.205881118774414, 8.125884056091309, 8.0891695022583, 8.011552810668945, 7.978628158569336, 7.9306440353393555, 7.541085243225098, 7.476123809814453, 7.455379962921143]"
559.0,[509.0],"[92259.0, 190209.0, 1784.0, 6502.0, 911.0, 109487.0, 4370.0, 1617.0, 187593.0, 7899.0]","[6.477040767669678, 6.3131422996521, 6.254765033721924, 6.098670482635498, 5.870882034301758, 5.845938682556152, 5.8124213218688965, 5.7357683181762695, 5.718449592590332, 5.6400465965271]"
72.0,[110.0],"[1784.0, 190209.0, 6502.0, 799.0, 187593.0, 92259.0, 4642.0, 1377.0, 31658.0, 158.0]","[7.160141944885254, 6.62710428237915, 6.521714210510254, 6.505947589874268, 6.475092887878418, 6.425253391265869, 6.395795822143555, 6.274563789367676, 6.161175727844238, 6.001893043518066]"
182.0,"[1200.0, 1377.0]","[187593.0, 1784.0, 799.0, 39.0, 92259.0, 293.0, 2908.0, 6502.0, 5971.0, 1961.0]","[7.262590408325195, 7.035335063934326, 6.969412326812744, 6.949997425079346, 6.874704360961914, 6.834702014923096, 6.8157057762146, 6.710439205169678, 6.647198677062988, 6.620378494262695]"
372.0,[],"[1784.0, 190209.0, 4642.0, 187593.0, 799.0, 1377.0, 8368.0, 6502.0, 92259.0, 1682.0]","[7.581899166107178, 7.146121025085449, 6.750455856323242, 6.689425468444824, 6.64270544052124, 6.635748863220215, 6.592583656311035, 6.5356035232543945, 6.49333381652832, 6.4475860595703125]"
493.0,[589.0],"[33794.0, 1259.0, 92259.0, 589.0, 7899.0, 1784.0, 190209.0, 109487.0, 111759.0, 77561.0]","[4.312946319580078, 4.264989852905273, 3.9223873615264893, 3.9087636470794678, 3.830575466156006, 3.805389165878296, 3.803462505340576, 3.781606435775757, 3.7690329551696777, 3.749616861343384]"
514.0,"[1387.0, 1136.0, 1674.0]","[92259.0, 1784.0, 190209.0, 6502.0, 187593.0, 799.0, 7899.0, 3686.0, 1377.0, 4642.0]","[8.535415649414062, 8.525826454162598, 8.215713500976562, 8.082768440246582, 7.849392414093018, 7.813627243041992, 7.664099216461182, 7.611747741699219, 7.528988361358643, 7.518044471740723]"
146.0,[47610.0],"[1784.0, 92259.0, 190209.0, 6502.0, 187593.0, 799.0, 2908.0, 4642.0, 1377.0, 7899.0]","[4.518060684204102, 4.484137058258057, 4.31582498550415, 4.290034770965576, 4.146496295928955, 4.111788272857666, 4.053553104400635, 4.052770614624023, 4.000918865203857, 3.984947919845581]"
45.0,[2858.0],"[1784.0, 92259.0, 190209.0, 6502.0, 187593.0, 2908.0, 799.0, 1961.0, 4642.0, 3686.0]","[9.500280380249023, 9.157909393310547, 8.891664505004883, 8.890069961547852, 8.500630378723145, 8.468521118164062, 8.425224304199219, 8.337813377380371, 8.190114974975586, 8.189047813415527]"
335.0,"[1196.0, 3671.0]","[1784.0, 799.0, 1234.0, 92259.0, 1377.0, 2908.0, 1961.0, 6502.0, 187593.0, 158.0]","[4.728589057922363, 4.591271877288818, 4.566647052764893, 4.396459579467773, 4.369487285614014, 4.353789806365967, 4.286980628967285, 4.2748894691467285, 4.262786388397217, 4.257941246032715]"
58.0,[596.0],"[92259.0, 190209.0, 1784.0, 6502.0, 911.0, 3686.0, 4642.0, 4370.0, 187593.0, 7899.0]","[7.428853511810303, 7.323557376861572, 7.197380542755127, 7.000072956085205, 6.836207866668701, 6.5297088623046875, 6.497767925262451, 6.388425827026367, 6.372244834899902, 6.362454891204834]"
540.0,[4886.0],"[1784.0, 190209.0, 6502.0, 92259.0, 1961.0, 2908.0, 187593.0, 4642.0, 3686.0, 5971.0]","[7.0750322341918945, 6.646636486053467, 6.601724147796631, 6.550911903381348, 6.343785762786865, 6.330134391784668, 6.329064846038818, 6.223720073699951, 6.179037094116211, 6.166269302368164]"
596.0,[1210.0],"[1784.0, 799.0, 92259.0, 187593.0, 190209.0, 6502.0, 4642.0, 2908.0, 31658.0, 7899.0]","[7.060674667358398, 6.8377556800842285, 6.7261528968811035, 6.6666693687438965, 6.6061601638793945, 6.591150283813477, 6.324464321136475, 6.124448776245117, 6.039442539215088, 6.0389404296875]"
354.0,"[480.0, 1748.0, 858.0]","[1784.0, 92259.0, 190209.0, 6502.0, 187593.0, 799.0, 2908.0, 4642.0, 3686.0, 1961.0]","[8.16140079498291, 7.928673267364502, 7.717376708984375, 7.690151691436768, 7.471588611602783, 7.230253219604492, 7.203951358795166, 7.197784423828125, 7.13987922668457, 7.026592254638672]"
453.0,"[3578.0, 32.0]","[92259.0, 1784.0, 190209.0, 6502.0, 187593.0, 799.0, 7899.0, 2908.0, 4642.0, 3686.0]","[9.053614616394043, 9.028288841247559, 8.759644508361816, 8.580338478088379, 8.326350212097168, 8.189270973205566, 8.09735107421875, 8.00118637084961, 7.978984832763672, 7.935395240783691]"
510.0,[2987.0],"[911.0, 92259.0, 190209.0, 1259.0, 4370.0, 6502.0, 1387.0, 2396.0, 1784.0, 109487.0]","[3.06368088722229, 3.036684989929199, 2.9483649730682373, 2.9191718101501465, 2.843327283859253, 2.7757456302642822, 2.7569234371185303, 2.738931894302368, 2.6975905895233154, 2.6561057567596436]"
268.0,[2571.0],"[1784.0, 190209.0, 92259.0, 6502.0, 799.0, 187593.0, 4642.0, 3686.0, 1377.0, 2908.0]","[6.190356254577637, 6.00048828125, 5.955448150634766, 5.744550704956055, 5.603316307067871, 5.584804534912109, 5.501199245452881, 5.45425271987915, 5.415406703948975, 5.38560152053833]"
235.0,[150.0],"[92259.0, 1784.0, 190209.0, 6502.0, 7899.0, 187593.0, 3686.0, 292.0, 4642.0, 911.0]","[7.608011245727539, 7.602303504943848, 7.595117092132568, 7.18559455871582, 6.833470344543457, 6.603737831115723, 6.587775230407715, 6.486454486846924, 6.463848114013672, 6.433177947998047]"
395.0,[],"[92259.0, 7899.0, 6502.0, 911.0, 190209.0, 1784.0, 187593.0, 4642.0, 2908.0, 5971.0]","[3.047928810119629, 2.940366744995117, 2.7827091217041016, 2.7607779502868652, 2.7389447689056396, 2.7266883850097656, 2.725891590118408, 2.644727945327759, 2.619673490524292, 2.6155154705047607]"
586.0,"[59315.0, 116823.0]","[1784.0, 92259.0, 190209.0, 6502.0, 187593.0, 7899.0, 799.0, 4642.0, 3686.0, 2908.0]","[9.616263389587402, 9.604828834533691, 9.363727569580078, 9.042222023010254, 8.797454833984375, 8.78780460357666, 8.477703094482422, 8.41634464263916, 8.356508255004883, 8.302486419677734]"
509.0,"[1588.0, 68358.0, 78105.0, 344.0]","[1784.0, 92259.0, 6502.0, 190209.0, 187593.0, 799.0, 4642.0, 1377.0, 158.0, 2908.0]","[7.162928581237793, 6.802306652069092, 6.750849723815918, 6.661924362182617, 6.626363277435303, 6.566878318786621, 6.54299259185791, 6.430333137512207, 6.3101067543029785, 6.287404537200928]"
230.0,[253.0],"[1784.0, 2692.0, 1961.0, 4642.0, 6502.0, 2908.0, 5971.0, 92259.0, 1086.0, 158.0]","[4.720802307128906, 4.701016902923584, 4.669143199920654, 4.655902862548828, 4.605783939361572, 4.575711727142334, 4.536487102508545, 4.523787498474121, 4.469461441040039, 4.438024520874023]"
153.0,[1732.0],"[1784.0, 799.0, 187593.0, 4642.0, 1234.0, 6502.0, 1377.0, 158.0, 1086.0, 1573.0]","[5.159487724304199, 5.12399435043335, 5.019546985626221, 4.944643497467041, 4.714179992675781, 4.638833045959473, 4.599056720733643, 4.587709903717041, 4.476047992706299, 4.446035861968994]"
104.0,[2671.0],"[1784.0, 92259.0, 6502.0, 190209.0, 7899.0, 187593.0, 2908.0, 799.0, 1377.0, 1961.0]","[7.072706699371338, 7.050716876983643, 6.63602876663208, 6.6043596267700195, 6.536909103393555, 6.471992492675781, 6.461811065673828, 6.393327713012695, 6.252701759338379, 6.221356391906738]"
89.0,[],"[111.0, 1784.0, 4239.0, 1961.0, 4642.0, 190209.0, 39.0, 161.0, 6502.0, 432.0]","[4.993853569030762, 4.988180160522461, 4.931437969207764, 4.902649879455566, 4.708651542663574, 4.657692909240723, 4.614326477050781, 4.60936164855957, 4.585169792175293, 4.535769939422607]"
603.0,"[288.0, 968.0, 1199.0]","[1784.0, 92259.0, 190209.0, 6502.0, 1377.0, 187593.0, 799.0, 3686.0, 158.0, 7899.0]","[10.358217239379883, 9.803598403930664, 9.719486236572266, 9.295333862304688, 9.186711311340332, 9.098885536193848, 9.04461669921875, 8.910268783569336, 8.90966510772705, 8.830305099487305]"
477.0,"[2694.0, 337.0]","[1784.0, 92259.0, 190209.0, 6502.0, 187593.0, 799.0, 4642.0, 2908.0, 3686.0, 1377.0]","[8.801834106445312, 8.329410552978516, 8.210265159606934, 8.10971450805664, 7.921724319458008, 7.769382953643799, 7.6942362785339355, 7.690786838531494, 7.549490928649902, 7.48390531539917]"
317.0,"[2502.0, 3147.0]","[1784.0, 92259.0, 190209.0, 6502.0, 187593.0, 799.0, 4642.0, 3686.0, 2908.0, 1961.0]","[9.156543731689453, 8.708769798278809, 8.683849334716797, 8.538694381713867, 8.294464111328125, 8.155427932739258, 8.040926933288574, 7.971447944641113, 7.883362293243408, 7.765560626983643]"
416.0,"[509.0, 1199.0]","[8368.0, 91500.0, 77561.0, 292.0, 92259.0, 7899.0, 1259.0, 1784.0, 190209.0, 1291.0]","[3.3388471603393555, 3.3272039890289307, 3.270707130432129, 3.194234848022461, 3.1301393508911133, 3.11676025390625, 3.1128346920013428, 3.0149643421173096, 2.9982447624206543, 2.97538161277771]"
34.0,[4226.0],"[1784.0, 92259.0, 190209.0, 6502.0, 2908.0, 799.0, 187593.0, 1961.0, 7899.0, 31658.0]","[1.1887826919555664, 1.185643196105957, 1.1361559629440308, 1.108385682106018, 1.0518317222595215, 1.0432459115982056, 1.0423816442489624, 1.040318250656128, 1.038748860359192, 1.0381227731704712]"
487.0,[7438.0],"[33794.0, 74458.0, 1259.0, 1784.0, 858.0, 589.0, 190209.0, 741.0, 8368.0, 6711.0]","[1.9468328952789307, 1.856584906578064, 1.7679262161254883, 1.763130784034729, 1.7515588998794556, 1.7121671438217163, 1.6988612413406372, 1.659171223640442, 1.6475882530212402, 1.6347471475601196]"
103.0,"[1084.0, 4027.0, 1035.0]","[1784.0, 1961.0, 2908.0, 1234.0, 6502.0, 4642.0, 187593.0, 5971.0, 92259.0, 111.0]","[8.22507381439209, 7.812131881713867, 7.786335468292236, 7.713533401489258, 7.688879489898682, 7.618390083312988, 7.601243019104004, 7.578428268432617, 7.574763298034668, 7.556957721710205]"
325.0,[2968.0],"[92259.0, 190209.0, 1784.0, 6502.0, 4642.0, 911.0, 3686.0, 2908.0, 187593.0, 5971.0]","[6.3304290771484375, 6.278903961181641, 6.219133377075195, 6.1681952476501465, 5.831195831298828, 5.790768146514893, 5.69547176361084, 5.674412250518799, 5.6513190269470215, 5.6105427742004395]"
347.0,[588.0],"[1784.0, 190209.0, 92259.0, 74458.0, 6502.0, 187593.0, 3686.0, 4642.0, 6711.0, 1961.0]","[5.945480823516846, 5.821498394012451, 5.411465167999268, 5.323949337005615, 5.31508207321167, 5.270044326782227, 5.190996170043945, 5.190780162811279, 5.0570807456970215, 4.916771411895752]"
77.0,"[8961.0, 1210.0]","[1784.0, 190209.0, 92259.0, 8368.0, 292.0, 6502.0, 31658.0, 187593.0, 6711.0, 7899.0]","[1.1632694005966187, 1.1566014289855957, 1.1026413440704346, 1.0766009092330933, 1.0728226900100708, 1.0499261617660522, 1.0137009620666504, 0.9972534775733948, 0.985032320022583, 0.9842263460159302]"
246.0,"[59315.0, 68157.0]","[1784.0, 92259.0, 6502.0, 190209.0, 187593.0, 2908.0, 799.0, 3686.0, 7899.0, 4642.0]","[8.737897872924805, 8.626382827758789, 8.293671607971191, 8.244024276733398, 7.93294620513916, 7.901052474975586, 7.678094387054443, 7.676717281341553, 7.669479846954346, 7.600576877593994]"
298.0,"[1240.0, 1732.0]","[1784.0, 1234.0, 4642.0, 4239.0, 111.0, 187593.0, 6502.0, 190209.0, 1377.0, 53953.0]","[6.526736736297607, 6.350395202636719, 5.969635009765625, 5.875791072845459, 5.859833240509033, 5.631715297698975, 5.628501892089844, 5.605372428894043, 5.598466396331787, 5.550302028656006]"
561.0,"[48516.0, 1230.0, 78499.0, 4027.0]","[1784.0, 4642.0, 187593.0, 6502.0, 190209.0, 92259.0, 799.0, 5971.0, 2908.0, 1086.0]","[7.875509738922119, 7.668200969696045, 7.4107770919799805, 7.28339958190918, 7.264236927032471, 7.099012851715088, 6.98525333404541, 6.734402656555176, 6.681966304779053, 6.654077053070068]"
233.0,[4973.0],"[92259.0, 7899.0, 109487.0, 190209.0, 911.0, 6502.0, 1784.0, 1259.0, 187593.0, 2396.0]","[6.737631320953369, 6.626018524169922, 6.158727645874023, 6.133298397064209, 6.079411029815674, 6.030857086181641, 5.903048515319824, 5.8923020362854, 5.741585731506348, 5.655050277709961]"
84.0,[194.0],"[1784.0, 6502.0, 92259.0, 190209.0, 187593.0, 4642.0, 2908.0, 799.0, 1086.0, 5971.0]","[7.362746715545654, 7.074389457702637, 7.040962219238281, 6.954408645629883, 6.8282036781311035, 6.776784896850586, 6.5404157638549805, 6.451316833496094, 6.428287506103516, 6.425145149230957]"
590.0,"[2194.0, 2268.0, 54001.0]","[92259.0, 911.0, 190209.0, 1784.0, 6502.0, 1617.0, 7899.0, 4642.0, 187593.0, 454.0]","[8.51710319519043, 8.147149085998535, 8.012438774108887, 7.953242778778076, 7.790065765380859, 7.556736946105957, 7.361547470092773, 7.2939372062683105, 7.271282196044922, 7.255166053771973]"
490.0,[68954.0],"[1784.0, 31658.0, 799.0, 1234.0, 190209.0, 6502.0, 671.0, 1377.0, 1961.0, 92259.0]","[4.766920566558838, 4.700250625610352, 4.63165283203125, 4.626893997192383, 4.304649829864502, 4.2285966873168945, 4.21650505065918, 4.210799217224121, 4.159725666046143, 4.147524356842041]"
43.0,"[500.0, 208.0, 34.0]","[1784.0, 92259.0, 190209.0, 6502.0, 187593.0, 799.0, 7899.0, 2908.0, 3686.0, 4642.0]","[7.5552191734313965, 7.472160816192627, 7.184207916259766, 7.076257705688477, 6.803675174713135, 6.740361213684082, 6.730255126953125, 6.677916526794434, 6.578345775604248, 6.495663166046143]"
245.0,[3114.0],"[92259.0, 1784.0, 6502.0, 190209.0, 799.0, 7899.0, 187593.0, 2908.0, 1377.0, 1961.0]","[1.353602409362793, 1.3443760871887207, 1.2885658740997314, 1.2608816623687744, 1.246495246887207, 1.2386267185211182, 1.2284269332885742, 1.2215051651000977, 1.2128169536590576, 1.2112367153167725]"
243.0,[],"[92259.0, 1784.0, 190209.0, 7899.0, 6502.0, 31658.0, 187593.0, 799.0, 4642.0, 1377.0]","[3.741379737854004, 3.7027344703674316, 3.6271109580993652, 3.5610756874084473, 3.504142999649048, 3.4289915561676025, 3.3597142696380615, 3.339970111846924, 3.2585504055023193, 3.176516056060791]"
597.0,[],"[1784.0, 92259.0, 190209.0, 6502.0, 4642.0, 187593.0, 3686.0, 799.0, 2908.0, 5971.0]","[7.660798072814941, 7.532407283782959, 7.466540336608887, 7.214965343475342, 7.107260227203369, 7.102536201477051, 6.840550422668457, 6.713099479675293, 6.71260404586792, 6.705842018127441]"
570.0,"[2797.0, 1580.0]","[1784.0, 92259.0, 190209.0, 6502.0, 187593.0, 4642.0, 799.0, 1377.0, 5971.0, 2908.0]","[7.835364818572998, 7.56785249710083, 7.367697238922119, 7.329181671142578, 7.270589828491211, 7.23561954498291, 7.118520259857178, 6.991568088531494, 6.934244632720947, 6.933051586151123]"
156.0,[1968.0],"[1784.0, 92259.0, 190209.0, 31658.0, 6502.0, 7899.0, 187593.0, 2908.0, 101.0, 3686.0]","[8.225680351257324, 7.591141223907471, 7.556494235992432, 7.266357898712158, 7.094552993774414, 6.885088920593262, 6.87736177444458, 6.755099296569824, 6.645696640014648, 6.587028980255127]"
117.0,"[364.0, 589.0]","[1784.0, 92259.0, 190209.0, 6502.0, 187593.0, 2908.0, 3686.0, 799.0, 7899.0, 1961.0]","[6.5622639656066895, 6.362948894500732, 6.16583776473999, 6.082132816314697, 5.878474712371826, 5.713837146759033, 5.680227279663086, 5.669683456420898, 5.580811500549316, 5.539422988891602]"
74.0,"[307.0, 4973.0]","[1784.0, 92259.0, 6502.0, 190209.0, 1961.0, 2908.0, 187593.0, 4642.0, 3686.0, 5971.0]","[8.703726768493652, 8.357433319091797, 8.189443588256836, 8.163148880004883, 7.942319869995117, 7.940525054931641, 7.861792087554932, 7.796831130981445, 7.722410202026367, 7.676520347595215]"
162.0,[318.0],"[1259.0, 292.0, 1982.0, 111759.0, 8368.0, 134853.0, 31658.0, 7153.0, 4878.0, 858.0]","[3.9482028484344482, 3.6089792251586914, 3.5276710987091064, 3.474656343460083, 3.40301251411438, 3.386052370071411, 3.297909736633301, 3.242140293121338, 3.237639904022217, 3.2296030521392822]"
506.0,[58998.0],"[1784.0, 92259.0, 190209.0, 6502.0, 2908.0, 187593.0, 3686.0, 1961.0, 5971.0, 799.0]","[5.590429306030273, 5.573030471801758, 5.330607891082764, 5.264545440673828, 5.101755142211914, 5.015816688537598, 4.98533296585083, 4.974331855773926, 4.841182231903076, 4.813010215759277]"
415.0,[150.0],"[92259.0, 1784.0, 6502.0, 190209.0, 187593.0, 4642.0, 2908.0, 7899.0, 799.0, 5971.0]","[7.547882080078125, 7.5442328453063965, 7.310111045837402, 7.275884628295898, 6.997714042663574, 6.870750427246094, 6.813342571258545, 6.797245979309082, 6.59899377822876, 6.5985612869262695]"
476.0,[],"[1784.0, 92259.0, 7899.0, 799.0, 6502.0, 1377.0, 190209.0, 31658.0, 187593.0, 1270.0]","[5.390024662017822, 5.14054536819458, 5.111562252044678, 4.872802734375, 4.839126110076904, 4.833486557006836, 4.801393985748291, 4.784941673278809, 4.77325439453125, 4.695716381072998]"
553.0,[4963.0],"[33794.0, 1259.0, 92259.0, 589.0, 7899.0, 1784.0, 190209.0, 109487.0, 111759.0, 77561.0]","[4.312946319580078, 4.264989852905273, 3.9223873615264893, 3.9087636470794678, 3.830575466156006, 3.805389165878296, 3.803462505340576, 3.781606435775757, 3.7690329551696777, 3.749616861343384]"
592.0,[],"[1784.0, 190209.0, 799.0, 92259.0, 6502.0, 187593.0, 4642.0, 1377.0, 1961.0, 2908.0]","[6.525422096252441, 5.938316345214844, 5.908768177032471, 5.864190578460693, 5.849002838134766, 5.813165664672852, 5.670815467834473, 5.661336421966553, 5.6463775634765625, 5.64082145690918]"
313.0,"[1676.0, 4848.0]","[1784.0, 2908.0, 5971.0, 187593.0, 1234.0, 4642.0, 1377.0, 92259.0, 3686.0, 6502.0]","[6.711699962615967, 6.315268516540527, 6.177587509155273, 6.118763446807861, 6.109551906585693, 6.079310417175293, 6.075439453125, 6.068291664123535, 6.027209758758545, 6.01099967956543]"
113.0,[1282.0],"[1784.0, 92259.0, 799.0, 190209.0, 6502.0, 187593.0, 7899.0, 31658.0, 1377.0, 4642.0]","[7.491035461425781, 7.385088920593262, 7.098196506500244, 7.079770088195801, 7.04301118850708, 6.858268737792969, 6.814544677734375, 6.7140374183654785, 6.643551826477051, 6.520492076873779]"
452.0,"[4011.0, 2706.0]","[1784.0, 92259.0, 190209.0, 6502.0, 187593.0, 7899.0, 799.0, 2908.0, 4642.0, 3686.0]","[10.211976051330566, 10.113027572631836, 9.704626083374023, 9.605395317077637, 9.273056030273438, 9.15991497039795, 9.142681121826172, 9.137723922729492, 8.934182167053223, 8.918783187866211]"
331.0,[177765.0],"[1784.0, 92259.0, 190209.0, 6502.0, 187593.0, 3686.0, 2908.0, 799.0, 4642.0, 1377.0]","[10.430621147155762, 9.947142601013184, 9.854469299316406, 9.595555305480957, 9.249526977539062, 9.075719833374023, 9.020515441894531, 9.020509719848633, 8.981063842773438, 8.886147499084473]"
512.0,[377.0],"[8368.0, 40815.0, 92259.0, 911.0, 190209.0, 1259.0, 1784.0, 6502.0, 5952.0, 2396.0]","[3.751734972000122, 3.5574920177459717, 3.547215461730957, 3.5080854892730713, 3.4727487564086914, 3.4330403804779053, 3.374030351638794, 3.361884117126465, 3.342890739440918, 3.233189344406128]"
339.0,[59315.0],"[1784.0, 92259.0, 31658.0, 190209.0, 6502.0, 7899.0, 799.0, 187593.0, 2908.0, 4642.0]","[8.286649703979492, 8.116710662841797, 7.7822136878967285, 7.756261825561523, 7.693297386169434, 7.6442437171936035, 7.640774250030518, 7.45433235168457, 7.210047245025635, 7.166229248046875]"
479.0,[],"[1784.0, 92259.0, 6502.0, 799.0, 190209.0, 187593.0, 7899.0, 2908.0, 1377.0, 4642.0]","[6.980751037597656, 6.857149600982666, 6.550838947296143, 6.546758651733398, 6.484816074371338, 6.4422993659973145, 6.2782816886901855, 6.246340274810791, 6.216740131378174, 6.12893533706665]"
21.0,"[84152.0, 8360.0, 4306.0, 589.0]","[1784.0, 92259.0, 2908.0, 25.0, 3686.0, 1961.0, 190209.0, 6502.0, 5971.0, 1086.0]","[6.727553367614746, 6.13844633102417, 6.10755729675293, 6.093898296356201, 6.0323004722595215, 6.003414154052734, 5.9732985496521, 5.855872631072998, 5.751851558685303, 5.689479351043701]"
307.0,[4011.0],"[1784.0, 4642.0, 799.0, 1377.0, 1196.0, 187593.0, 190209.0, 6502.0, 158.0, 92259.0]","[7.093604564666748, 7.031698703765869, 6.779855728149414, 6.740869998931885, 6.698974609375, 6.647876262664795, 6.63203763961792, 6.474550247192383, 6.472524642944336, 6.4599151611328125]"
149.0,[],"[1784.0, 111.0, 1234.0, 799.0, 53953.0, 31658.0, 6502.0, 1961.0, 4642.0, 2908.0]","[5.610745906829834, 5.269611835479736, 5.109205722808838, 5.08398962020874, 5.077853202819824, 5.077274322509766, 5.036680221557617, 5.0350141525268555, 4.9900689125061035, 4.961296558380127]"
385.0,"[224.0, 1206.0, 246.0]","[1784.0, 31658.0, 92259.0, 190209.0, 799.0, 6502.0, 187593.0, 4642.0, 2908.0, 1961.0]","[7.103802680969238, 6.734527111053467, 6.617859363555908, 6.592756748199463, 6.568745136260986, 6.505614757537842, 6.319058895111084, 6.008081436157227, 5.9721221923828125, 5.928528785705566]"
587.0,[],"[1784.0, 92259.0, 6502.0, 190209.0, 187593.0, 2908.0, 799.0, 4642.0, 3686.0, 1961.0]","[9.242595672607422, 8.931681632995605, 8.716585159301758, 8.646410942077637, 8.456780433654785, 8.281636238098145, 8.26572322845459, 8.24025821685791, 8.02547836303711, 8.024385452270508]"
176.0,[],"[7899.0, 92259.0, 292.0, 190209.0, 1784.0, 6502.0, 4642.0, 1259.0, 187593.0, 1270.0]","[3.182250499725342, 3.146359920501709, 3.1017603874206543, 2.991218328475952, 2.9849319458007812, 2.88055419921875, 2.7424819469451904, 2.705441951751709, 2.7019643783569336, 2.6896228790283203]"
256.0,"[4718.0, 3949.0, 3755.0]","[92259.0, 7899.0, 1784.0, 6502.0, 190209.0, 187593.0, 799.0, 2908.0, 5971.0, 4642.0]","[7.674930095672607, 7.325098037719727, 7.321321487426758, 7.222875595092773, 7.045765399932861, 6.942527770996094, 6.877614974975586, 6.759376049041748, 6.564631462097168, 6.558027267456055]"
377.0,[1127.0],"[1784.0, 92259.0, 190209.0, 6502.0, 187593.0, 4642.0, 799.0, 2908.0, 1377.0, 3686.0]","[7.195584774017334, 7.094254493713379, 6.853308200836182, 6.849243640899658, 6.664097785949707, 6.6239728927612305, 6.597403049468994, 6.44701623916626, 6.411197662353516, 6.401556968688965]"
605.0,[],"[92259.0, 190209.0, 1784.0, 6502.0, 7899.0, 911.0, 187593.0, 3686.0, 2908.0, 109487.0]","[6.083582878112793, 5.685235500335693, 5.6009039878845215, 5.52913761138916, 5.4524946212768555, 5.420591831207275, 5.174560546875, 5.149301528930664, 5.140654563903809, 4.9700188636779785]"
562.0,[3147.0],"[1784.0, 92259.0, 190209.0, 6502.0, 4642.0, 187593.0, 2908.0, 1961.0, 3686.0, 5971.0]","[8.107094764709473, 7.964166641235352, 7.913561820983887, 7.724246978759766, 7.503105163574219, 7.421247959136963, 7.392494201660156, 7.3753509521484375, 7.315135478973389, 7.24028205871582]"
178.0,"[208.0, 2959.0]","[1784.0, 6502.0, 190209.0, 1234.0, 187593.0, 799.0, 3686.0, 92259.0, 1086.0, 4642.0]","[6.341196537017822, 5.693333625793457, 5.645387172698975, 5.601426601409912, 5.530889987945557, 5.5230326652526855, 5.392399787902832, 5.375850677490234, 5.367398262023926, 5.3297529220581055]"
192.0,[316.0],"[1617.0, 109487.0, 74458.0, 911.0, 92259.0, 1259.0, 4370.0, 190209.0, 2396.0, 6502.0]","[4.835206985473633, 4.311041831970215, 4.228326320648193, 4.101807117462158, 4.016721725463867, 3.9426565170288086, 3.918905019760132, 3.9104976654052734, 3.856699228286743, 3.708456039428711]"
250.0,[1282.0],"[911.0, 62.0, 190209.0, 293.0, 4642.0, 1961.0, 39.0, 590.0, 5971.0, 3686.0]","[3.7858874797821045, 3.703683614730835, 3.5849180221557617, 3.5836541652679443, 3.539693832397461, 3.533910036087036, 3.4524641036987305, 3.4193973541259766, 3.414350986480713, 3.4026951789855957]"
80.0,"[4848.0, 69122.0]","[1784.0, 92259.0, 190209.0, 6502.0, 799.0, 187593.0, 4642.0, 3686.0, 2908.0, 1377.0]","[7.259852409362793, 7.169491291046143, 6.974793910980225, 6.852899551391602, 6.632424354553223, 6.616279602050781, 6.465969562530518, 6.417234897613525, 6.395889759063721, 6.350281238555908]"
441.0,[58559.0],"[1784.0, 92259.0, 190209.0, 6502.0, 187593.0, 7899.0, 799.0, 4642.0, 3686.0, 2908.0]","[7.847764015197754, 7.791445732116699, 7.625730514526367, 7.429108619689941, 7.189403533935547, 7.064833641052246, 7.063041687011719, 6.926405906677246, 6.873470783233643, 6.7701897621154785]"
239.0,"[2502.0, 54286.0]","[1784.0, 92259.0, 6502.0, 190209.0, 187593.0, 799.0, 2908.0, 4642.0, 1377.0, 1961.0]","[8.726434707641602, 8.188441276550293, 8.0017728805542, 7.938401222229004, 7.885518550872803, 7.786813735961914, 7.726547718048096, 7.6336588859558105, 7.556869029998779, 7.543186187744141]"
420.0,[2657.0],"[92259.0, 1784.0, 190209.0, 6502.0, 187593.0, 7899.0, 911.0, 3686.0, 2908.0, 4642.0]","[8.476191520690918, 8.219888687133789, 8.125322341918945, 7.974274635314941, 7.7352294921875, 7.616006374359131, 7.585211753845215, 7.485800266265869, 7.47009801864624, 7.443308353424072]"
265.0,[1962.0],"[1784.0, 92259.0, 190209.0, 6502.0, 187593.0, 2908.0, 4642.0, 3686.0, 7899.0, 799.0]","[8.324028968811035, 8.318083763122559, 8.067525863647461, 7.933669567108154, 7.521237850189209, 7.409472942352295, 7.390496253967285, 7.382393836975098, 7.351091384887695, 7.347907543182373]"
384.0,[480.0],"[1784.0, 35836.0, 1234.0, 158.0, 1377.0, 190209.0, 187593.0, 799.0, 4642.0, 2580.0]","[4.8866167068481445, 4.666135311126709, 4.410301208496094, 4.376708507537842, 4.368116855621338, 4.263490676879883, 4.151007652282715, 4.127487659454346, 3.9365108013153076, 3.9246318340301514]"
33.0,[2268.0],"[1784.0, 190209.0, 799.0, 187593.0, 6502.0, 1234.0, 92259.0, 4642.0, 1377.0, 3686.0]","[8.561492919921875, 7.737512111663818, 7.424302101135254, 7.418783187866211, 7.326236248016357, 7.243107795715332, 7.175661563873291, 7.156052112579346, 7.1542205810546875, 7.11954402923584]"
169.0,"[2571.0, 4018.0]","[1784.0, 92259.0, 190209.0, 6502.0, 187593.0, 4642.0, 799.0, 2908.0, 1961.0, 3686.0]","[10.279715538024902, 10.08239459991455, 9.889636993408203, 9.808002471923828, 9.385002136230469, 9.216800689697266, 9.207616806030273, 9.167427062988281, 9.052801132202148, 9.039610862731934]"
220.0,[1210.0],"[92259.0, 190209.0, 1784.0, 6502.0, 911.0, 187593.0, 4642.0, 2908.0, 1617.0, 3686.0]","[7.419114589691162, 7.314382076263428, 7.313113689422607, 7.130779266357422, 6.801898956298828, 6.7311320304870605, 6.672891139984131, 6.523444175720215, 6.464877128601074, 6.4036664962768555]"
75.0,[1291.0],"[1784.0, 190209.0, 92259.0, 6502.0, 1377.0, 1961.0, 3686.0, 2692.0, 158.0, 2908.0]","[2.7461066246032715, 2.63092041015625, 2.6302382946014404, 2.51523494720459, 2.4547171592712402, 2.4149203300476074, 2.3976757526397705, 2.3619532585144043, 2.3570780754089355, 2.343315601348877]"
425.0,"[2762.0, 8961.0]","[92259.0, 1784.0, 190209.0, 6502.0, 7899.0, 187593.0, 799.0, 4642.0, 1377.0, 3686.0]","[6.562749862670898, 6.425539493560791, 6.315121650695801, 6.101917266845703, 6.10007381439209, 5.948034763336182, 5.9018754959106445, 5.774606704711914, 5.624954700469971, 5.621333122253418]"
365.0,[],"[1784.0, 190209.0, 92259.0, 6502.0, 187593.0, 799.0, 2908.0, 4642.0, 3686.0, 1961.0]","[5.857931137084961, 5.49575138092041, 5.472651958465576, 5.352027893066406, 5.2501540184021, 5.0771284103393555, 5.010191440582275, 4.994448661804199, 4.961475849151611, 4.910165786743164]"
111.0,"[1020.0, 91529.0]","[1784.0, 190209.0, 6502.0, 92259.0, 31658.0, 187593.0, 799.0, 3686.0, 2908.0, 1086.0]","[7.347512245178223, 6.817798614501953, 6.738248825073242, 6.7357964515686035, 6.489998817443848, 6.419405460357666, 6.262292385101318, 6.127237319946289, 6.123254299163818, 6.035576820373535]"
275.0,[1222.0],"[1784.0, 92259.0, 6502.0, 190209.0, 7899.0, 187593.0, 2908.0, 799.0, 3686.0, 5971.0]","[7.785895347595215, 7.651076316833496, 7.271308422088623, 7.266604900360107, 7.0536723136901855, 7.0361480712890625, 6.857099533081055, 6.733007431030273, 6.616654872894287, 6.589651107788086]"
57.0,"[2194.0, 3624.0]","[1784.0, 799.0, 1377.0, 158.0, 187593.0, 92259.0, 4642.0, 6502.0, 1234.0, 190209.0]","[7.766839504241943, 7.608710765838623, 7.365199089050293, 7.307360649108887, 7.210451126098633, 7.0811614990234375, 6.969203472137451, 6.951464653015137, 6.899781227111816, 6.878943920135498]"
5.0,[367.0],"[92259.0, 190209.0, 1784.0, 6502.0, 4642.0, 7899.0, 187593.0, 3686.0, 911.0, 799.0]","[6.792369365692139, 6.734224796295166, 6.708409786224365, 6.436069488525391, 6.321523189544678, 6.1775383949279785, 6.153580665588379, 5.94802188873291, 5.927280426025391, 5.893305778503418]"
414.0,[],"[190209.0, 911.0, 92259.0, 1617.0, 1784.0, 1200.0, 6502.0, 3686.0, 2908.0, 102125.0]","[9.101903915405273, 9.064990997314453, 9.033452987670898, 8.781551361083984, 8.538402557373047, 8.367816925048828, 8.111312866210938, 7.985288143157959, 7.904793739318848, 7.834597587585449]"
503.0,[2076.0],"[92259.0, 7899.0, 190209.0, 6502.0, 1784.0, 911.0, 187593.0, 109487.0, 2908.0, 3686.0]","[5.90756368637085, 5.46231746673584, 5.358158111572266, 5.34156608581543, 5.303414344787598, 5.2903313636779785, 5.227724552154541, 5.142784118652344, 5.069091320037842, 4.985579013824463]"
50.0,[899.0],"[1784.0, 190209.0, 92259.0, 6502.0, 187593.0, 4642.0, 3686.0, 5971.0, 799.0, 2908.0]","[6.142380237579346, 6.077709674835205, 6.051868438720703, 5.877938270568848, 5.677857398986816, 5.598404407501221, 5.513065338134766, 5.3341522216796875, 5.320980548858643, 5.311573505401611]"
1.0,[],"[1784.0, 92259.0, 190209.0, 6502.0, 187593.0, 7899.0, 799.0, 3686.0, 2908.0, 101.0]","[9.020523071289062, 8.952465057373047, 8.712739944458008, 8.291945457458496, 7.998950004577637, 7.993066787719727, 7.814558506011963, 7.737598896026611, 7.728384017944336, 7.5663628578186035]"
107.0,[590.0],"[1784.0, 92259.0, 190209.0, 799.0, 6502.0, 187593.0, 1377.0, 7899.0, 4642.0, 158.0]","[7.352897644042969, 7.1964287757873535, 6.95521354675293, 6.945873260498047, 6.803275108337402, 6.764461517333984, 6.588245868682861, 6.565184593200684, 6.414366722106934, 6.3536152839660645]"
552.0,[3175.0],"[799.0, 1784.0, 31658.0, 187593.0, 92259.0, 190209.0, 6502.0, 1377.0, 4642.0, 158.0]","[6.6843390464782715, 6.359399795532227, 6.010442733764648, 5.9122633934021, 5.741934776306152, 5.734632968902588, 5.732622146606445, 5.579763889312744, 5.559885025024414, 5.389030456542969]"
351.0,[7153.0],"[1784.0, 92259.0, 190209.0, 6502.0, 187593.0, 2908.0, 1961.0, 4642.0, 3686.0, 5971.0]","[7.232944965362549, 6.96054744720459, 6.86992073059082, 6.787827014923096, 6.530267238616943, 6.505350589752197, 6.47210693359375, 6.430995941162109, 6.263165473937988, 6.227497577667236]"
424.0,[1089.0],"[92259.0, 1784.0, 190209.0, 6502.0, 3686.0, 1961.0, 2908.0, 187593.0, 911.0, 7899.0]","[6.373879909515381, 6.255357265472412, 6.208258152008057, 5.9733405113220215, 5.757693767547607, 5.719232559204102, 5.6273064613342285, 5.534428119659424, 5.5136847496032715, 5.450298309326172]"
301.0,"[1784.0, 55820.0]","[31658.0, 1784.0, 7293.0, 4025.0, 33794.0, 92259.0, 799.0, 1270.0, 589.0, 6502.0]","[4.214144706726074, 3.9935312271118164, 3.8104333877563477, 3.8073480129241943, 3.674262762069702, 3.5019047260284424, 3.4740817546844482, 3.4634461402893066, 3.395583152770996, 3.3915159702301025]"
495.0,[317.0],"[1784.0, 92259.0, 190209.0, 6502.0, 187593.0, 4642.0, 2908.0, 1961.0, 3686.0, 5971.0]","[10.08385944366455, 9.815435409545898, 9.585692405700684, 9.529312133789062, 9.233120918273926, 9.2100191116333, 9.133881568908691, 8.952760696411133, 8.934205055236816, 8.909424781799316]"
69.0,[260.0],"[92259.0, 1784.0, 190209.0, 7899.0, 6502.0, 187593.0, 799.0, 4642.0, 1377.0, 3686.0]","[8.050369262695312, 7.836820602416992, 7.615166187286377, 7.585416316986084, 7.517222881317139, 7.5041327476501465, 7.423620223999023, 7.312349796295166, 6.981135368347168, 6.9216227531433105]"
95.0,[2023.0],"[1784.0, 92259.0, 190209.0, 6502.0, 187593.0, 799.0, 4642.0, 2908.0, 1377.0, 3686.0]","[7.366420269012451, 7.090378761291504, 6.8810834884643555, 6.8665056228637695, 6.685457706451416, 6.663908004760742, 6.553341388702393, 6.542387008666992, 6.535738945007324, 6.433985710144043]"
525.0,"[4979.0, 95167.0]","[1784.0, 92259.0, 190209.0, 6502.0, 187593.0, 7899.0, 2908.0, 4642.0, 799.0, 3686.0]","[7.460223197937012, 7.456568717956543, 7.245194911956787, 7.142663478851318, 6.831029891967773, 6.675292015075684, 6.6580376625061035, 6.646113872528076, 6.599002838134766, 6.588714599609375]"
11.0,[1597.0],"[92259.0, 1784.0, 6502.0, 190209.0, 799.0, 2908.0, 7899.0, 187593.0, 1961.0, 3686.0]","[6.338986873626709, 6.149998188018799, 5.951018810272217, 5.873292446136475, 5.674716472625732, 5.6481733322143555, 5.638691425323486, 5.5973639488220215, 5.524609088897705, 5.461819171905518]"
593.0,[318.0],"[1784.0, 190209.0, 1377.0, 92259.0, 187593.0, 158.0, 6502.0, 4642.0, 799.0, 31658.0]","[7.42444372177124, 6.795464515686035, 6.594214916229248, 6.454274654388428, 6.448750972747803, 6.414563179016113, 6.408727169036865, 6.316819667816162, 6.3161725997924805, 5.989589691162109]"
6.0,[708.0],"[1784.0, 92259.0, 799.0, 190209.0, 1377.0, 6502.0, 158.0, 187593.0, 7899.0, 4642.0]","[7.276165008544922, 7.2383832931518555, 6.997877597808838, 6.9836883544921875, 6.941530704498291, 6.852225303649902, 6.820521354675293, 6.781278610229492, 6.6182169914245605, 6.557985305786133]"
292.0,[494.0],"[1784.0, 799.0, 190209.0, 31658.0, 6502.0, 92259.0, 187593.0, 4642.0, 1377.0, 1086.0]","[8.000822067260742, 7.22059440612793, 7.208982944488525, 7.207129001617432, 7.123432636260986, 7.096216201782227, 7.049393177032471, 6.61925745010376, 6.597270488739014, 6.595647811889648]"
438.0,"[7254.0, 6378.0]","[1784.0, 190209.0, 4642.0, 31658.0, 6502.0, 187593.0, 1086.0, 111.0, 1234.0, 2908.0]","[9.431909561157227, 8.490342140197754, 8.270008087158203, 8.146016120910645, 8.138376235961914, 7.92864990234375, 7.895857334136963, 7.884183406829834, 7.862662315368652, 7.83032751083374]"
426.0,[8368.0],"[1784.0, 92259.0, 190209.0, 799.0, 6502.0, 187593.0, 7899.0, 1377.0, 2908.0, 101.0]","[3.228264093399048, 3.137190103530884, 3.02961802482605, 3.0287108421325684, 2.97267746925354, 2.9347760677337646, 2.9069290161132812, 2.759047508239746, 2.7572035789489746, 2.739616632461548]"
382.0,"[122882.0, 8641.0]","[92259.0, 1784.0, 6502.0, 187593.0, 190209.0, 4642.0, 799.0, 7899.0, 5971.0, 1377.0]","[8.365159034729004, 8.343896865844727, 8.063499450683594, 8.018584251403809, 8.00035572052002, 7.9390459060668945, 7.735979080200195, 7.709842205047607, 7.506532192230225, 7.498542308807373]"
234.0,[],"[1784.0, 92259.0, 799.0, 1377.0, 187593.0, 158.0, 4642.0, 190209.0, 6502.0, 7899.0]","[5.342373371124268, 5.310486316680908, 5.301149368286133, 5.220115661621094, 5.163061141967773, 5.154547214508057, 5.132731914520264, 5.040779113769531, 4.955695152282715, 4.9337029457092285]"
403.0,[3361.0],"[1784.0, 6502.0, 187593.0, 158.0, 1234.0, 4642.0, 190209.0, 799.0, 1377.0, 3686.0]","[5.127257823944092, 4.756296634674072, 4.716328144073486, 4.665666580200195, 4.644599437713623, 4.632213592529297, 4.630307197570801, 4.604156970977783, 4.591577529907227, 4.532730579376221]"
16.0,[1252.0],"[1784.0, 92259.0, 1377.0, 158.0, 6502.0, 4642.0, 187593.0, 2908.0, 190209.0, 799.0]","[7.339848518371582, 7.070215702056885, 6.971168041229248, 6.955925464630127, 6.901575088500977, 6.806439399719238, 6.788864612579346, 6.7242536544799805, 6.717685222625732, 6.680119037628174]"
65.0,[36529.0],"[1784.0, 190209.0, 6502.0, 187593.0, 799.0, 92259.0, 1377.0, 158.0, 4642.0, 2908.0]","[7.246177673339844, 6.56451416015625, 6.50172233581543, 6.495733737945557, 6.448726177215576, 6.442015647888184, 6.413923740386963, 6.372746467590332, 6.266684532165527, 6.082332611083984]"
13.0,[1590.0],"[158.0, 1234.0, 1377.0, 1784.0, 799.0, 2692.0, 4642.0, 187593.0, 6502.0, 92259.0]","[5.793698310852051, 5.624570846557617, 5.577319622039795, 5.321929454803467, 5.315580368041992, 5.252681732177734, 5.226253032684326, 5.1694536209106445, 5.13450813293457, 5.128816604614258]"
290.0,"[1333.0, 2947.0]","[1784.0, 92259.0, 190209.0, 6502.0, 187593.0, 799.0, 2908.0, 4642.0, 1961.0, 1377.0]","[6.499277591705322, 6.259586334228516, 6.063642978668213, 6.0553669929504395, 5.863641738891602, 5.84515380859375, 5.766688823699951, 5.651122570037842, 5.6232686042785645, 5.62202787399292]"
23.0,"[1206.0, 1214.0]","[1784.0, 190209.0, 92259.0, 6502.0, 187593.0, 2908.0, 4642.0, 3686.0, 1961.0, 1086.0]","[6.085260391235352, 5.794788360595703, 5.684697151184082, 5.551517963409424, 5.324660301208496, 5.247220516204834, 5.246433258056641, 5.212723255157471, 5.1459150314331055, 5.084797382354736]"
405.0,"[2826.0, 1884.0, 34405.0]","[92259.0, 7899.0, 1784.0, 6502.0, 187593.0, 190209.0, 2908.0, 4642.0, 911.0, 799.0]","[8.175215721130371, 7.76897668838501, 7.615982532501221, 7.5696120262146, 7.442067623138428, 7.43229341506958, 7.148794651031494, 7.0818305015563965, 7.066962718963623, 7.058525085449219]"
202.0,"[1127.0, 1036.0]","[1784.0, 92259.0, 190209.0, 6502.0, 187593.0, 799.0, 4642.0, 2908.0, 3686.0, 1377.0]","[8.840607643127441, 8.49365520477295, 8.272908210754395, 8.191532135009766, 8.109513282775879, 8.08915901184082, 7.984066486358643, 7.846487045288086, 7.660941123962402, 7.658461570739746]"
398.0,[5971.0],"[1784.0, 92259.0, 190209.0, 6502.0, 1377.0, 187593.0, 7899.0, 799.0, 158.0, 31658.0]","[7.468553066253662, 7.002249717712402, 6.769946098327637, 6.682079315185547, 6.636682033538818, 6.596761703491211, 6.562158584594727, 6.517219543457031, 6.45545768737793, 6.414949893951416]"
286.0,[4148.0],"[92259.0, 190209.0, 6502.0, 1784.0, 911.0, 7899.0, 4370.0, 187593.0, 4642.0, 1387.0]","[4.6334919929504395, 4.4337592124938965, 4.3727707862854, 4.289028167724609, 4.285062789916992, 4.14107608795166, 4.131469249725342, 4.033570289611816, 4.0010199546813965, 3.9828431606292725]"
87.0,[1345.0],"[1784.0, 92259.0, 190209.0, 6502.0, 187593.0, 799.0, 2908.0, 4642.0, 3686.0, 1377.0]","[5.802793502807617, 5.662405490875244, 5.473475456237793, 5.454141139984131, 5.285103797912598, 5.249916076660156, 5.161923885345459, 5.126331806182861, 5.06764554977417, 5.0652241706848145]"
361.0,[3082.0],"[92259.0, 1784.0, 190209.0, 6502.0, 187593.0, 2908.0, 3686.0, 799.0, 4642.0, 5971.0]","[6.848210334777832, 6.769967555999756, 6.592645168304443, 6.540512561798096, 6.229304790496826, 6.194917678833008, 6.1448893547058105, 6.142036437988281, 6.111960411071777, 6.093379020690918]"
352.0,"[48516.0, 4034.0]","[1784.0, 92259.0, 6502.0, 190209.0, 187593.0, 799.0, 4642.0, 2908.0, 1086.0, 1377.0]","[9.221674919128418, 8.731904029846191, 8.597260475158691, 8.581035614013672, 8.464208602905273, 8.339643478393555, 8.25599193572998, 8.034703254699707, 7.886317253112793, 7.85915994644165]"
86.0,[7361.0],"[1784.0, 92259.0, 190209.0, 6502.0, 187593.0, 3686.0, 2908.0, 7899.0, 4642.0, 799.0]","[6.64341402053833, 6.522086143493652, 6.50108003616333, 6.15941047668457, 5.870941638946533, 5.765994071960449, 5.67709493637085, 5.647308826446533, 5.598114013671875, 5.543571949005127]"
563.0,[],"[1784.0, 92259.0, 187593.0, 6502.0, 190209.0, 4642.0, 799.0, 2908.0, 1377.0, 5971.0]","[7.966387748718262, 7.6844563484191895, 7.529229640960693, 7.463717460632324, 7.422408103942871, 7.35542631149292, 7.1610941886901855, 7.149423122406006, 7.083217144012451, 7.083176136016846]"
380.0,"[1276.0, 1079.0]","[190209.0, 92259.0, 1784.0, 6502.0, 187593.0, 911.0, 4642.0, 7899.0, 3686.0, 2908.0]","[9.253616333007812, 9.239749908447266, 9.115021705627441, 8.828291893005371, 8.524699211120605, 8.457934379577637, 8.221543312072754, 8.184152603149414, 8.15616512298584, 7.935863018035889]"
191.0,[],"[92259.0, 190209.0, 1784.0, 7899.0, 6502.0, 109487.0, 1259.0, 911.0, 2692.0, 187593.0]","[6.951901912689209, 6.554013252258301, 6.474266529083252, 6.447005748748779, 6.288795471191406, 6.0603742599487305, 5.942389011383057, 5.917428970336914, 5.9011077880859375, 5.885146141052246]"
391.0,[],"[1784.0, 92259.0, 190209.0, 1961.0, 6502.0, 2908.0, 3686.0, 111.0, 594.0, 2826.0]","[7.727288246154785, 7.446551322937012, 7.437912940979004, 7.298967361450195, 7.228011608123779, 7.074682712554932, 6.901755332946777, 6.7531352043151855, 6.750573635101318, 6.750245571136475]"
247.0,"[2571.0, 1291.0]","[1784.0, 31658.0, 92259.0, 799.0, 2908.0, 6502.0, 1961.0, 7293.0, 190209.0, 101.0]","[5.488041877746582, 5.468690395355225, 5.0131354331970215, 4.98407506942749, 4.893669605255127, 4.879312992095947, 4.829695701599121, 4.8163228034973145, 4.807908058166504, 4.709540843963623]"
537.0,[53322.0],"[92259.0, 190209.0, 911.0, 1784.0, 6502.0, 4370.0, 3686.0, 187593.0, 7899.0, 2908.0]","[5.7089643478393555, 5.484163761138916, 5.357467174530029, 5.345271587371826, 5.321274280548096, 4.9542555809021, 4.931368350982666, 4.883439064025879, 4.87394380569458, 4.8568501472473145]"
144.0,[356.0],"[1784.0, 92259.0, 190209.0, 6502.0, 799.0, 187593.0, 2908.0, 4642.0, 3686.0, 1961.0]","[6.231346607208252, 6.009792804718018, 5.867959976196289, 5.791227340698242, 5.68936014175415, 5.653326034545898, 5.436872959136963, 5.422952175140381, 5.373071193695068, 5.355931282043457]"
524.0,[552.0],"[1784.0, 92259.0, 190209.0, 6502.0, 799.0, 187593.0, 2908.0, 1377.0, 1961.0, 3686.0]","[7.371270179748535, 6.964360237121582, 6.778975963592529, 6.7586750984191895, 6.70889949798584, 6.629573345184326, 6.472320079803467, 6.3499369621276855, 6.338932991027832, 6.332278251647949]"
442.0,[],"[1784.0, 92259.0, 6502.0, 190209.0, 187593.0, 799.0, 4642.0, 1961.0, 3686.0, 1377.0]","[2.2385432720184326, 2.1765482425689697, 2.1074161529541016, 2.0986433029174805, 2.038694143295288, 2.0379583835601807, 1.9689054489135742, 1.960006833076477, 1.9496370553970337, 1.9460879564285278]"
155.0,[],"[1784.0, 92259.0, 6502.0, 190209.0, 799.0, 187593.0, 2908.0, 1961.0, 7899.0, 4642.0]","[6.780121803283691, 6.559726715087891, 6.327332973480225, 6.209514141082764, 6.1709771156311035, 6.157913684844971, 6.109674453735352, 5.995270729064941, 5.91343355178833, 5.846501350402832]"
262.0,[273.0],"[1784.0, 92259.0, 190209.0, 6502.0, 187593.0, 3686.0, 4642.0, 2908.0, 1377.0, 799.0]","[5.132011413574219, 4.970803260803223, 4.955711841583252, 4.757434844970703, 4.589206695556641, 4.4880475997924805, 4.4878997802734375, 4.409102439880371, 4.37933874130249, 4.3785810470581055]"
523.0,[594.0],"[1784.0, 92259.0, 190209.0, 799.0, 6502.0, 187593.0, 7899.0, 2908.0, 101.0, 7293.0]","[4.837283134460449, 4.572455883026123, 4.464669227600098, 4.456284999847412, 4.375998020172119, 4.1588897705078125, 4.136702537536621, 4.10483455657959, 4.0937180519104, 4.0208659172058105]"
287.0,[],"[1784.0, 190209.0, 92259.0, 6502.0, 187593.0, 31658.0, 3686.0, 1377.0, 799.0, 4642.0]","[5.781951904296875, 5.561395168304443, 5.374544143676758, 5.183505535125732, 4.963131904602051, 4.887598037719727, 4.880885124206543, 4.873774528503418, 4.8181657791137695, 4.769787311553955]"
22.0,[],"[1784.0, 92259.0, 6502.0, 2908.0, 187593.0, 799.0, 190209.0, 1961.0, 4642.0, 5971.0]","[6.9916558265686035, 6.467433452606201, 6.437150478363037, 6.377766132354736, 6.35621452331543, 6.229086399078369, 6.221161365509033, 6.185491561889648, 6.064805507659912, 6.043288707733154]"
604.0,[],"[1784.0, 92259.0, 190209.0, 6502.0, 187593.0, 4642.0, 3686.0, 2908.0, 799.0, 1961.0]","[7.54754638671875, 7.4796061515808105, 7.403486728668213, 7.159430027008057, 6.8268609046936035, 6.725456237792969, 6.704524993896484, 6.627356052398682, 6.520308971405029, 6.481408596038818]"
367.0,[4308.0],"[1784.0, 92259.0, 190209.0, 6502.0, 187593.0, 4642.0, 799.0, 2908.0, 7899.0, 3686.0]","[9.703911781311035, 9.634533882141113, 9.30897331237793, 9.241922378540039, 9.014917373657227, 8.691235542297363, 8.672630310058594, 8.658943176269531, 8.602282524108887, 8.5581693649292]"
359.0,[],"[911.0, 92259.0, 109487.0, 454.0, 1387.0, 190209.0, 4370.0, 6502.0, 1259.0, 7899.0]","[2.8600778579711914, 2.8101799488067627, 2.7665650844573975, 2.6877524852752686, 2.677942991256714, 2.6641125679016113, 2.540700674057007, 2.537754535675049, 2.5294432640075684, 2.478801727294922]"
171.0,[1196.0],"[1784.0, 92259.0, 190209.0, 6502.0, 799.0, 187593.0, 4642.0, 2908.0, 1377.0, 3686.0]","[9.140661239624023, 8.809432029724121, 8.652494430541992, 8.558455467224121, 8.357940673828125, 8.306642532348633, 8.052696228027344, 7.971109867095947, 7.928740978240967, 7.9032697677612305]"
447.0,[356.0],"[1784.0, 190209.0, 187593.0, 6502.0, 799.0, 92259.0, 4642.0, 1377.0, 3686.0, 1234.0]","[7.598886966705322, 7.034911632537842, 6.697665691375732, 6.664438724517822, 6.662046909332275, 6.582417011260986, 6.574295997619629, 6.536785125732422, 6.429141044616699, 6.405208110809326]"
535.0,[2706.0],"[92259.0, 158.0, 1784.0, 6502.0, 1377.0, 799.0, 187593.0, 190209.0, 1961.0, 4642.0]","[4.41412878036499, 4.351974964141846, 4.341681957244873, 4.308622360229492, 4.298421859741211, 4.136532306671143, 4.125797748565674, 4.071855068206787, 4.054715633392334, 4.034032821655273]"
99.0,[252.0],"[1784.0, 92259.0, 6502.0, 799.0, 2908.0, 187593.0, 1961.0, 4642.0, 190209.0, 5971.0]","[5.948328971862793, 5.6283440589904785, 5.61172342300415, 5.523387908935547, 5.518655776977539, 5.514570236206055, 5.368227005004883, 5.334945201873779, 5.318872451782227, 5.222777843475342]"
418.0,[98809.0],"[1784.0, 190209.0, 92259.0, 6502.0, 187593.0, 799.0, 4642.0, 2908.0, 3686.0, 1086.0]","[8.233780860900879, 7.602129936218262, 7.577940464019775, 7.562332630157471, 7.485387802124023, 7.4471964836120605, 7.225742340087891, 6.982998371124268, 6.941566467285156, 6.915874481201172]"
601.0,[5618.0],"[1784.0, 92259.0, 190209.0, 6502.0, 187593.0, 799.0, 4642.0, 2908.0, 3686.0, 1377.0]","[8.545103073120117, 8.063883781433105, 8.030640602111816, 7.8672871589660645, 7.709038257598877, 7.6982741355896, 7.49169921875, 7.359523296356201, 7.337892532348633, 7.317999839782715]"
528.0,[4011.0],"[1784.0, 1234.0, 190209.0, 799.0, 35836.0, 187593.0, 111.0, 1377.0, 4642.0, 6502.0]","[5.087955474853516, 4.959219455718994, 4.4394917488098145, 4.434150218963623, 4.366031169891357, 4.30552339553833, 4.286157608032227, 4.276598930358887, 4.259644031524658, 4.134961128234863]"
291.0,[40815.0],"[92259.0, 8368.0, 1259.0, 190209.0, 7899.0, 292.0, 799.0, 1784.0, 109487.0, 2641.0]","[3.397282361984253, 3.3200504779815674, 3.2880983352661133, 3.225383758544922, 3.2117507457733154, 3.1728456020355225, 3.160626173019409, 3.1521666049957275, 3.047886848449707, 3.0477283000946045]"
492.0,[36.0],"[92259.0, 1784.0, 6502.0, 190209.0, 7899.0, 799.0, 187593.0, 4642.0, 2908.0, 3686.0]","[5.733952045440674, 5.5396928787231445, 5.46228551864624, 5.432277679443359, 5.265283584594727, 5.262077808380127, 5.235665321350098, 5.107766628265381, 5.020694732666016, 4.9768900871276855]"
357.0,[1721.0],"[1784.0, 92259.0, 190209.0, 6502.0, 187593.0, 799.0, 2908.0, 4642.0, 1961.0, 1377.0]","[8.620880126953125, 8.155664443969727, 7.988844871520996, 7.9647064208984375, 7.783890247344971, 7.772481918334961, 7.637487411499023, 7.501408576965332, 7.4988813400268555, 7.482958793640137]"
332.0,[1393.0],"[1784.0, 92259.0, 6502.0, 799.0, 190209.0, 187593.0, 7899.0, 31658.0, 4642.0, 2908.0]","[7.501221656799316, 7.462203025817871, 7.110622882843018, 7.079719066619873, 7.0019097328186035, 6.931520938873291, 6.8979997634887695, 6.738503932952881, 6.612505912780762, 6.578373432159424]"
244.0,[377.0],"[1784.0, 92259.0, 190209.0, 6502.0, 799.0, 2908.0, 187593.0, 1377.0, 1961.0, 4642.0]","[8.08879566192627, 7.574901580810547, 7.4521260261535645, 7.40678071975708, 7.342766284942627, 7.16947603225708, 7.166193962097168, 7.134191036224365, 7.080547332763672, 7.036151885986328]"
520.0,[4011.0],"[1784.0, 92259.0, 190209.0, 6502.0, 187593.0, 7899.0, 4642.0, 2908.0, 3686.0, 1377.0]","[7.826003551483154, 7.45479154586792, 7.400918483734131, 7.220869541168213, 7.134366512298584, 6.908313274383545, 6.851220607757568, 6.765420436859131, 6.647541522979736, 6.642144680023193]"
410.0,[1172.0],"[1784.0, 190209.0, 6502.0, 92259.0, 187593.0, 4642.0, 799.0, 2908.0, 1961.0, 3686.0]","[7.384519100189209, 6.8760151863098145, 6.668406963348389, 6.661133766174316, 6.519031524658203, 6.427801609039307, 6.395322322845459, 6.282428741455078, 6.271596431732178, 6.269724369049072]"
267.0,[1093.0],"[158.0, 1784.0, 35836.0, 1377.0, 104.0, 111759.0, 68954.0, 329.0, 4973.0, 1304.0]","[4.36693811416626, 4.206089019775391, 4.120813369750977, 4.038368225097656, 3.8855347633361816, 3.8492636680603027, 3.8042478561401367, 3.7597713470458984, 3.75976300239563, 3.719627857208252]"
184.0,[4226.0],"[1784.0, 92259.0, 190209.0, 6502.0, 187593.0, 2908.0, 799.0, 4642.0, 3686.0, 1961.0]","[8.954400062561035, 8.47317123413086, 8.43384075164795, 8.199628829956055, 8.046599388122559, 7.771046161651611, 7.724353313446045, 7.709342002868652, 7.672741413116455, 7.647225379943848]"
550.0,[1.0],"[92259.0, 1784.0, 190209.0, 6502.0, 2908.0, 1961.0, 3686.0, 586.0, 7899.0, 911.0]","[3.919236183166504, 3.813249349594116, 3.7340176105499268, 3.5602684020996094, 3.5260229110717773, 3.5111911296844482, 3.4301633834838867, 3.328036069869995, 3.3079378604888916, 3.3055953979492188]"
446.0,[],"[4642.0, 590.0, 92259.0, 911.0, 6502.0, 5971.0, 187593.0, 1784.0, 190209.0, 610.0]","[4.459840297698975, 4.253881454467773, 4.24132776260376, 4.171804904937744, 4.1495466232299805, 4.1212687492370605, 4.027153968811035, 4.0183796882629395, 4.01019287109375, 3.9770281314849854]"
167.0,[1210.0],"[92259.0, 7899.0, 911.0, 6502.0, 190209.0, 187593.0, 1784.0, 4642.0, 168.0, 799.0]","[6.835793972015381, 6.765777587890625, 6.53478479385376, 6.413439750671387, 6.320066452026367, 6.143336296081543, 6.105912685394287, 6.071539402008057, 6.05253267288208, 5.920190811157227]"
554.0,[],"[92259.0, 7899.0, 6502.0, 2908.0, 1784.0, 5971.0, 529.0, 187593.0, 190209.0, 911.0]","[6.7329254150390625, 6.352607727050781, 6.281588077545166, 6.267149448394775, 6.190080165863037, 6.106984615325928, 6.088799953460693, 6.062044143676758, 5.9746527671813965, 5.905734062194824]"
589.0,[],"[1784.0, 190209.0, 92259.0, 6502.0, 187593.0, 2908.0, 31658.0, 799.0, 3686.0, 4642.0]","[7.729425430297852, 7.290393352508545, 7.098188400268555, 6.976614475250244, 6.663473129272461, 6.526917934417725, 6.495777606964111, 6.494148254394531, 6.474218845367432, 6.4217400550842285]"
371.0,[1748.0],"[92259.0, 1784.0, 190209.0, 6502.0, 7899.0, 911.0, 2908.0, 3686.0, 187593.0, 4370.0]","[6.31669282913208, 5.955692768096924, 5.9377617835998535, 5.823324203491211, 5.557658672332764, 5.392749786376953, 5.391568183898926, 5.381378173828125, 5.328668594360352, 5.2254157066345215]"
81.0,[],"[1784.0, 190209.0, 31658.0, 92259.0, 6502.0, 187593.0, 799.0, 101.0, 1377.0, 3686.0]","[4.966063022613525, 4.652834415435791, 4.566340923309326, 4.529521942138672, 4.503120422363281, 4.278074741363525, 4.270200729370117, 4.156852722167969, 4.11298131942749, 4.089503765106201]"
551.0,[296.0],"[1784.0, 92259.0, 190209.0, 6502.0, 799.0, 187593.0, 4642.0, 7899.0, 2908.0, 3686.0]","[8.268433570861816, 7.921524524688721, 7.809750080108643, 7.6517229080200195, 7.488556861877441, 7.4796462059021, 7.244741916656494, 7.136781215667725, 7.133540630340576, 7.119169235229492]"
432.0,[1221.0],"[92259.0, 6502.0, 190209.0, 1784.0, 7899.0, 911.0, 187593.0, 4642.0, 2908.0, 5971.0]","[7.356103897094727, 6.874074935913086, 6.845649242401123, 6.839735507965088, 6.755490779876709, 6.634663105010986, 6.590293884277344, 6.452533721923828, 6.383196830749512, 6.349469184875488]"
